Id,feat1,feat2,feat3,feat4,feat5,feat6,feat7,feat8,feat9,feat10
1,0,1,1,1,1,0,1,1,1,0
2,1,0,1,0,1,0,1,0,0,0
3,1,1,0,1,1,0,1,0,1,1
4,1,0,0,0,0,1,0,0,0,0
5,1,1,1,1,0,1,1,1,1,0
6,0,0,1,1,0,0,0,1,0,1
7,1,0,1,0,1,1,0,1,0,0
8,0,1,1,1,0,0,0,0,1,1
9,1,1,1,0,0,0,1,0,0,0
10,1,0,1,0,0,1,1,1,0,0
11,1,1,1,1,1,1,0,1,1,0
12,1,0,1,0,1,0,1,0,0,0
13,1,0,1,0,0,0,1,0,1,0
14,0,1,0,0,1,0,0,1,1,1
15,0,1,1,0,1,0,0,0,1,0
16,1,0,1,1,0,1,1,1,0,0
17,1,0,0,0,1,1,1,1,1,1
18,1,1,0,1,1,0,0,1,1,0
19,0,1,1,1,1,0,1,1,1,1
20,1,0,0,1,1,0,0,1,1,0
21,0,0,1,0,1,0,0,0,1,1
22,1,0,1,1,1,1,0,1,0,1
23,1,1,1,1,0,0,1,0,0,0
24,0,0,0,1,1,0,0,0,1,0
25,1,1,0,1,0,0,0,0,0,1
26,0,0,0,1,1,0,0,0,0,1
27,0,1,0,1,0,0,1,0,1,0
28,0,0,0,1,1,1,1,1,1,1
29,1,0,1,1,1,0,0,1,1,0
30,0,1,0,0,1,1,0,1,1,0
31,0,1,1,1,1,1,0,1,1,1
32,1,1,0,1,1,1,0,0,0,1
33,0,0,1,1,0,0,1,1,1,1
34,0,0,0,1,1,1,0,1,1,1
35,0,0,1,1,0,0,0,0,1,1
36,1,1,0,0,0,0,1,1,0,0
37,1,1,1,0,1,0,1,0,1,1
38,1,0,0,1,0,1,0,0,1,0
39,0,1,0,1,1,0,0,1,0,1
40,0,0,0,1,0,0,0,0,0,1
41,0,1,0,1,1,0,1,1,1,0
42,1,0,1,0,0,1,0,1,1,0
43,1,1,0,1,1,0,0,1,0,0
44,0,1,0,1,0,0,0,1,0,0
45,1,0,1,0,1,1,0,1,1,1
46,1,1,0,1,0,1,1,0,0,0
47,1,0,0,1,0,0,1,1,1,0
48,0,1,0,1,1,1,1,0,1,0
49,1,0,1,0,1,0,0,0,1,1
50,0,1,1,1,0,1,1,1,1,0
51,0,1,0,1,0,0,1,1,0,1
52,0,0,0,1,1,0,1,0,0,1
53,1,0,0,0,0,1,1,1,1,1
54,1,0,1,0,1,0,0,0,0,1
55,0,0,1,0,0,1,1,1,0,1
56,1,1,1,1,1,1,0,1,0,1
57,0,0,1,0,0,0,1,1,0,1
58,0,0,1,1,0,1,0,1,1,0
59,0,1,0,0,0,0,1,1,0,1
60,0,0,1,1,1,0,0,0,0,1
61,0,0,1,0,0,0,0,0,1,1
62,1,1,0,1,0,1,0,1,1,1
63,0,0,0,0,1,1,0,0,1,1
64,0,1,1,1,1,0,0,0,0,1
65,1,1,1,1,0,0,1,1,1,1
66,0,1,0,0,1,1,0,1,1,0
67,0,1,0,1,1,0,1,1,1,1
68,1,0,0,0,1,1,1,1,0,0
69,0,0,1,1,0,0,1,1,0,0
70,0,0,0,1,1,1,0,0,0,0
71,0,0,0,0,1,0,0,0,1,1
72,1,0,1,1,1,0,1,1,0,1
73,0,0,0,1,1,0,1,0,0,1
74,0,1,0,0,0,1,1,0,0,0
75,1,1,0,1,0,1,1,0,1,0
76,0,0,0,1,0,0,1,1,1,1
77,1,0,1,1,0,1,0,0,1,1
78,0,1,1,0,0,1,0,1,0,1
79,0,1,1,1,0,0,0,0,1,0
80,1,1,1,0,0,0,0,1,0,1
81,0,0,1,1,1,1,1,0,0,0
82,0,0,0,1,1,1,0,0,1,1
83,1,1,1,0,1,1,0,1,0,0
84,0,0,0,0,0,1,0,0,1,1
85,0,1,1,0,1,0,1,0,0,1
86,1,0,1,1,1,0,1,0,1,1
87,1,1,0,1,1,1,1,0,0,1
88,0,1,1,0,1,1,1,1,1,1
89,1,0,0,1,1,0,1,1,0,0
90,0,0,0,0,1,1,0,0,1,1
91,1,0,1,0,0,0,1,0,1,1
92,1,1,1,0,0,0,1,1,0,1
93,1,1,1,0,0,1,0,0,0,0
94,0,0,0,1,0,0,0,1,0,1
95,1,1,1,0,1,1,0,1,0,1
96,0,0,0,1,1,0,0,1,0,0
97,0,1,0,0,1,0,1,0,1,1
98,1,1,0,0,0,0,1,1,0,1
99,1,1,0,1,0,0,0,1,1,1
100,0,0,0,0,1,0,1,1,1,0
101,0,0,0,0,1,0,0,1,1,0
102,1,1,1,1,1,1,0,0,1,0
103,1,1,1,1,0,1,0,0,1,0
104,0,0,0,0,0,1,1,0,0,0
105,1,1,1,1,0,1,0,0,1,1
106,1,0,1,0,1,0,0,1,1,0
107,0,0,0,1,1,1,0,0,1,0
108,1,1,0,1,0,1,0,0,0,1
109,1,0,0,0,1,0,1,0,0,1
110,0,0,1,1,1,1,0,0,1,1
111,1,1,1,1,1,0,0,1,1,0
112,1,1,0,0,0,0,1,1,1,0
113,0,0,1,0,1,1,0,0,0,1
114,0,0,1,0,0,1,1,0,0,1
115,1,1,0,1,1,0,1,1,0,0
116,0,1,1,0,0,1,0,0,0,0
117,1,0,0,1,0,0,0,0,0,1
118,0,1,0,1,0,0,0,1,1,1
119,0,0,0,0,0,1,1,1,0,0
120,1,1,0,0,1,0,0,1,1,1
121,1,0,1,1,1,1,0,0,0,0
122,1,1,0,1,0,0,0,1,1,1
123,1,1,1,1,0,1,0,1,1,1
124,0,1,1,1,0,1,0,0,0,0
125,0,1,1,0,0,0,1,0,0,1
126,0,0,1,0,0,0,1,0,1,1
127,1,1,1,0,0,0,0,1,1,1
128,1,0,1,0,0,0,0,0,0,1
129,0,0,1,1,0,1,1,1,0,1
130,0,0,1,0,1,0,0,0,1,0
131,1,1,0,1,1,1,1,0,0,1
132,1,1,1,0,1,0,0,1,1,0
133,1,1,0,0,0,1,1,1,1,1
134,1,1,0,0,0,1,0,1,0,0
135,0,1,0,1,0,0,1,0,0,1
136,0,0,1,1,1,1,0,1,0,0
137,0,1,0,1,1,0,1,1,1,1
138,1,1,1,1,1,0,1,1,0,1
139,1,0,0,1,0,1,1,1,1,1
140,1,0,1,0,1,0,1,1,1,0
141,0,0,0,0,1,1,0,1,0,1
142,1,1,0,1,1,0,1,0,1,1
143,0,1,0,0,1,1,0,0,1,1
144,0,0,0,1,1,0,1,1,1,0
145,1,0,1,0,0,0,1,0,0,0
146,0,0,1,0,0,0,1,0,0,0
147,1,0,0,0,1,0,0,1,0,0
148,1,1,1,1,1,1,0,1,0,0
149,1,0,0,1,1,0,1,1,1,1
150,1,0,0,0,0,1,0,0,0,1
151,0,1,0,0,1,0,1,0,0,0
152,0,0,1,1,0,1,0,1,0,0
153,1,0,0,0,1,1,1,0,1,1
154,0,1,1,1,0,1,0,0,0,1
155,0,0,0,0,1,0,0,1,1,0
156,0,0,1,1,1,1,0,1,0,0
157,0,1,1,0,0,1,0,1,1,1
158,1,0,1,1,1,1,1,0,1,1
159,0,1,1,1,1,0,1,0,0,1
160,0,0,0,0,1,0,1,0,1,1
161,0,1,1,0,0,0,0,0,0,1
162,1,1,1,1,0,1,1,1,0,0
163,0,1,1,0,1,0,1,1,1,0
164,1,1,0,0,1,0,1,1,0,1
165,0,1,0,0,0,0,1,0,1,0
166,0,1,1,1,1,0,1,1,1,0
167,1,1,0,0,0,0,1,0,0,1
168,0,1,0,1,0,0,1,0,1,0
169,1,0,0,1,1,1,0,1,1,0
170,0,1,1,1,0,0,1,0,1,1
171,0,0,0,1,1,1,1,0,0,0
172,0,1,0,0,0,0,0,0,0,1
173,1,1,0,0,1,0,0,1,1,0
174,1,0,1,1,0,1,0,0,0,0
175,1,1,1,0,0,0,1,0,0,1
176,0,0,1,1,0,1,0,0,1,1
177,1,0,0,0,1,1,0,0,0,0
178,1,1,0,1,1,0,0,0,0,0
179,1,0,0,0,0,1,0,0,1,1
180,0,1,0,1,1,1,1,1,0,1
181,1,0,0,0,0,1,0,1,1,0
182,0,1,0,0,0,1,0,1,1,0
183,1,1,1,0,1,1,1,1,1,0
184,0,1,1,1,1,1,1,0,1,1
185,1,1,1,1,0,0,0,1,1,1
186,1,0,0,0,0,1,0,0,0,1
187,0,0,1,0,1,0,1,0,1,0
188,0,1,0,0,1,0,1,1,0,0
189,1,0,0,0,1,1,1,0,1,1
190,0,1,1,1,1,0,1,1,1,1
191,1,0,1,1,0,1,0,0,1,1
192,1,0,1,0,0,1,0,0,1,0
193,1,0,1,1,0,0,0,0,0,0
194,0,1,1,0,1,1,0,0,1,0
195,0,0,0,0,1,0,0,0,0,0
196,1,1,1,1,1,0,0,1,1,1
197,1,1,1,0,0,0,0,1,0,1
198,0,1,0,0,1,0,0,1,1,0
199,0,1,1,0,1,0,1,1,0,0
200,0,1,1,1,0,1,0,0,0,1
201,0,0,1,0,0,0,1,1,1,1
202,1,0,0,1,1,1,0,1,0,0
203,0,1,1,0,0,0,1,1,0,0
204,0,0,0,1,0,0,1,0,1,1
205,1,1,0,1,0,1,0,0,1,1
206,0,0,0,1,1,1,1,0,0,0
207,1,1,0,1,0,1,0,0,0,0
208,0,0,1,1,1,1,0,1,1,1
209,1,1,0,0,1,0,0,1,1,1
210,0,0,0,1,0,0,0,1,1,0
211,0,1,0,0,0,1,0,0,0,0
212,0,0,0,0,0,1,1,1,0,0
213,0,0,0,0,0,0,0,1,1,1
214,0,0,1,0,1,1,1,1,0,1
215,0,1,1,1,0,1,0,0,0,0
216,0,1,1,1,0,0,1,1,1,0
217,0,0,1,0,0,1,0,0,1,0
218,1,1,1,0,0,0,0,0,0,1
219,0,1,0,0,1,0,1,0,0,0
220,1,1,0,1,0,0,1,0,1,0
221,0,0,0,0,1,0,0,1,0,0
222,1,1,0,0,1,0,0,0,1,0
223,0,1,1,1,0,0,0,0,1,0
224,1,0,0,1,0,0,0,1,1,0
225,1,1,0,0,0,0,0,1,0,1
226,0,0,0,0,1,1,1,0,0,0
227,1,1,0,0,0,0,0,0,0,1
228,0,1,0,0,1,1,0,1,1,0
229,1,0,1,0,0,1,1,1,1,0
230,0,1,0,0,1,1,1,0,0,0
231,0,0,0,0,1,0,1,0,1,0
232,0,1,0,0,0,0,1,1,1,1
233,0,1,1,1,1,0,0,0,1,0
234,0,0,0,0,1,0,0,0,0,0
235,0,0,1,1,0,1,1,1,1,1
236,1,1,0,0,1,1,0,1,1,1
237,0,0,0,0,0,1,0,0,0,0
238,0,0,1,1,1,1,1,0,0,0
239,1,1,0,1,0,1,0,0,1,1
240,0,1,1,0,0,1,0,0,0,0
241,0,1,1,0,0,1,0,1,0,0
242,0,1,1,0,0,1,0,1,1,1
243,1,1,0,1,0,0,1,0,0,0
244,1,1,1,1,1,1,0,1,1,0
245,0,0,1,1,0,1,1,0,0,0
246,0,0,0,1,0,1,0,1,0,0
247,1,1,1,1,1,0,1,1,1,1
248,0,1,1,1,0,0,1,1,1,1
249,1,1,0,0,1,1,1,1,0,0
250,1,1,1,1,1,1,0,1,0,0
251,0,0,0,1,0,1,0,0,1,0
252,0,1,1,0,0,0,0,0,1,0
253,1,0,1,1,1,1,1,0,0,1
254,1,1,0,1,0,1,1,1,0,0
255,1,1,1,1,0,0,0,1,0,1
256,0,0,1,0,0,0,1,0,1,0
257,0,0,1,0,0,1,1,0,1,1
258,1,1,0,0,0,1,0,1,0,1
259,1,1,0,0,1,1,1,1,0,0
260,1,0,0,1,0,1,1,1,0,0
261,1,1,0,1,0,1,0,0,0,1
262,1,0,1,0,1,1,0,1,0,1
263,0,0,1,0,1,0,1,0,1,0
264,1,0,1,0,0,0,0,1,0,1
265,0,1,0,0,0,1,0,0,0,0
266,1,1,1,1,1,0,1,0,0,0
267,0,0,1,0,1,0,1,0,0,1
268,0,0,1,0,1,1,0,1,1,0
269,1,0,1,0,0,0,0,0,1,0
270,0,1,1,0,0,0,0,0,1,0
271,1,1,1,1,0,0,0,0,0,0
272,0,0,1,0,0,1,0,0,0,1
273,1,0,1,0,0,0,0,0,1,1
274,1,1,1,0,1,0,1,1,0,1
275,0,1,1,0,1,0,1,1,1,1
276,0,1,1,0,1,1,0,1,1,1
277,0,1,0,1,1,0,1,1,0,0
278,1,0,0,0,0,0,1,1,0,1
279,0,1,1,1,1,0,1,1,1,1
280,1,1,0,1,0,1,1,1,0,1
281,0,1,1,0,1,0,0,0,0,1
282,1,0,1,0,0,0,0,0,0,0
283,1,0,1,0,0,1,0,1,0,0
284,0,0,1,0,1,0,1,0,1,1
285,1,1,1,0,1,0,1,1,0,0
286,1,1,0,0,0,1,0,0,0,0
287,0,1,0,1,1,0,0,0,1,1
288,0,1,0,0,0,1,0,1,0,1
289,0,0,1,1,1,1,1,1,1,0
290,1,1,1,1,1,0,1,0,1,1
291,0,0,0,0,0,0,0,0,1,0
292,1,0,0,0,1,1,0,1,1,1
293,0,0,0,1,1,0,0,0,1,0
294,1,1,1,1,1,0,0,0,1,1
295,0,0,0,0,1,0,1,0,1,0
296,0,0,1,1,0,1,0,1,0,0
297,1,0,0,1,1,0,0,1,1,1
298,1,0,1,1,1,0,0,1,0,0
299,1,1,1,0,0,0,1,1,1,1
300,1,1,1,1,1,1,0,0,0,0
301,1,0,0,1,1,0,0,1,0,1
302,0,0,1,0,1,1,1,1,1,1
303,1,0,1,1,0,0,1,0,0,1
304,0,0,1,1,1,1,1,0,0,0
305,1,0,1,0,1,0,1,0,0,0
306,1,1,0,0,1,0,1,0,0,1
307,0,1,1,0,0,1,1,1,0,1
308,1,1,0,0,0,1,0,1,0,1
309,1,1,0,0,1,0,1,1,0,1
310,0,0,0,1,0,1,1,1,1,1
311,0,1,0,1,1,1,1,1,1,1
312,0,0,1,1,0,1,1,0,0,1
313,1,0,1,0,0,0,0,0,0,0
314,1,0,1,0,0,0,1,0,1,1
315,0,1,0,1,0,0,1,0,0,0
316,1,1,0,0,0,0,1,0,1,1
317,0,0,0,0,0,1,0,0,0,0
318,1,0,1,0,0,1,0,0,1,0
319,1,1,1,1,0,0,0,0,0,0
320,1,1,1,1,0,1,0,1,0,0
321,0,0,0,1,1,0,0,0,0,0
322,1,1,0,1,1,0,1,1,0,1
323,1,1,0,0,0,0,1,0,1,0
324,1,1,0,1,0,0,0,1,0,0
325,1,1,1,0,1,1,1,0,0,0
326,0,0,1,0,1,0,0,1,1,1
327,1,1,1,1,1,1,1,1,0,0
328,1,1,1,1,0,0,1,1,1,0
329,0,1,1,0,0,0,0,0,0,0
330,0,0,0,0,0,1,1,1,1,1
331,1,1,1,1,0,1,1,1,1,0
332,1,1,1,0,0,1,0,1,1,0
333,0,0,1,1,1,1,0,1,1,1
334,1,1,0,0,0,1,0,1,0,1
335,0,1,0,1,0,0,1,0,1,0
336,1,1,1,1,0,1,0,0,1,0
337,0,1,1,0,1,1,1,0,0,0
338,0,1,0,0,1,0,1,0,0,0
339,1,0,1,1,0,0,0,1,0,0
340,0,1,0,0,0,1,0,0,0,1
341,1,0,0,1,0,0,0,1,1,0
342,1,0,0,0,1,0,0,1,0,0
343,0,0,1,0,1,1,1,0,1,0
344,0,0,0,0,1,1,1,1,0,1
345,0,1,1,1,0,0,0,1,1,1
346,0,1,1,0,1,0,0,0,0,1
347,1,0,1,1,1,0,1,0,1,0
348,0,0,0,0,0,1,1,1,1,1
349,1,0,1,1,0,0,0,1,1,0
350,1,1,0,1,0,1,1,0,0,0
351,1,0,1,1,1,1,0,0,0,1
352,1,0,1,1,0,1,1,1,0,1
353,1,1,0,1,0,0,1,0,1,1
354,0,0,0,0,0,0,1,0,1,1
355,1,0,1,0,0,1,0,1,1,0
356,1,1,0,1,0,0,1,1,1,0
357,1,1,1,1,0,0,0,1,0,1
358,1,0,0,0,0,0,0,0,1,1
359,1,1,1,1,0,0,1,0,0,0
360,1,0,1,1,0,0,0,0,1,1
361,1,1,0,0,0,1,0,0,1,0
362,0,0,1,1,0,1,0,1,0,1
363,1,0,0,0,0,0,0,0,1,0
364,0,0,0,1,0,1,0,1,0,1
365,0,1,1,1,1,0,1,0,1,1
366,0,1,1,0,1,0,0,0,0,0
367,1,1,1,1,0,1,1,0,0,1
368,0,0,0,1,1,1,1,1,0,1
369,1,0,1,0,1,0,1,1,0,1
370,0,1,1,1,0,1,0,0,1,1
371,0,0,1,1,1,0,0,1,1,1
372,0,0,1,1,0,0,1,1,1,1
373,1,0,1,1,1,0,0,0,0,0
374,0,1,0,0,1,0,1,1,1,0
375,0,0,1,0,0,1,0,0,1,1
376,0,1,0,0,1,0,1,0,1,0
377,1,1,0,0,0,1,1,0,0,0
378,0,1,1,1,0,1,0,1,1,0
379,1,1,0,0,1,0,0,1,0,0
380,0,0,1,1,0,0,1,0,0,0
381,0,0,1,1,1,1,0,1,0,0
382,0,0,0,0,1,0,1,1,0,1
383,1,1,1,0,0,1,0,0,1,1
384,1,1,0,0,1,0,1,1,0,1
385,1,0,0,1,0,0,1,0,0,1
386,0,0,1,1,1,1,0,1,0,1
387,0,1,0,1,1,0,1,0,1,1
388,1,1,1,0,1,1,1,0,1,1
389,1,1,0,0,1,0,0,0,1,0
390,1,1,0,0,1,0,1,0,0,1
391,1,0,0,1,0,0,0,1,0,1
392,1,0,1,0,0,0,0,0,0,1
393,0,1,1,1,0,1,0,0,1,1
394,1,0,1,1,0,0,0,1,1,0
395,1,0,0,0,0,1,1,0,1,1
396,0,0,0,1,1,0,0,0,0,0
397,1,1,0,0,0,0,1,0,0,0
398,1,1,0,1,0,1,1,0,0,1
399,1,0,0,0,0,1,0,1,0,1
400,0,1,0,0,1,1,1,0,0,1
401,1,1,0,1,0,1,1,1,1,1
402,1,1,0,0,1,0,1,0,0,0
403,1,0,1,0,0,0,0,0,1,0
404,0,0,1,1,1,0,1,0,1,1
405,1,1,1,0,0,0,1,1,0,0
406,0,0,0,0,0,0,1,1,1,1
407,0,1,1,0,1,0,1,0,1,0
408,1,0,1,1,0,1,0,0,1,1
409,1,0,0,1,1,0,0,0,0,0
410,0,0,0,0,0,0,0,1,0,0
411,0,0,1,0,1,0,0,1,1,0
412,1,1,0,1,0,1,1,0,1,0
413,0,0,0,1,0,0,0,0,1,1
414,0,0,0,1,1,0,0,0,0,0
415,0,1,1,0,0,1,0,0,0,0
416,0,0,1,1,1,0,0,0,1,0
417,1,0,0,0,0,1,0,1,1,0
418,0,0,1,1,0,0,1,0,0,0
419,0,1,0,0,0,1,1,0,0,0
420,1,0,1,0,0,1,0,1,1,1
421,0,0,1,0,1,0,0,1,0,0
422,1,0,0,0,0,1,1,1,1,1
423,0,1,0,1,1,0,0,0,0,1
424,0,0,1,1,1,0,1,1,1,1
425,0,0,1,1,0,0,0,0,1,0
426,1,0,1,0,1,1,1,1,1,1
427,0,0,0,1,0,0,0,0,1,1
428,0,1,0,0,0,0,1,1,0,0
429,1,0,1,1,1,1,1,1,1,0
430,0,1,1,1,0,1,0,0,0,0
431,0,0,1,1,0,1,0,1,0,1
432,0,1,1,1,0,1,1,0,1,1
433,1,0,1,1,0,1,0,1,0,1
434,1,0,0,1,0,0,1,1,0,1
435,0,0,0,0,0,1,1,0,0,0
436,1,0,0,0,1,1,0,0,0,0
437,1,0,1,0,0,0,0,0,0,1
438,0,1,0,1,0,1,1,1,0,1
439,1,1,0,0,1,0,1,0,1,0
440,0,0,1,0,0,1,0,0,0,1
441,1,0,0,0,0,1,0,0,0,0
442,0,0,1,0,1,0,0,1,0,0
443,1,1,1,1,1,0,1,0,0,0
444,0,1,1,0,0,0,0,0,1,0
445,0,1,1,0,1,0,1,1,0,1
446,1,1,1,1,0,1,0,1,1,0
447,1,1,0,1,0,1,1,1,0,1
448,1,0,0,0,0,0,1,1,0,0
449,0,1,0,0,1,0,0,0,0,1
450,0,0,1,0,1,1,1,1,1,0
451,0,1,0,0,0,0,0,0,1,1
452,1,1,0,0,1,1,0,0,1,0
453,1,1,0,1,0,0,1,1,0,0
454,1,1,1,0,1,1,1,0,1,0
455,1,0,0,0,1,1,1,0,1,0
456,0,1,0,0,1,0,1,1,0,0
457,0,1,0,0,0,1,0,1,1,1
458,1,0,1,0,0,1,0,0,1,1
459,0,0,0,1,1,1,0,0,0,1
460,0,0,1,0,1,0,1,0,1,0
461,0,1,0,1,0,0,0,1,0,0
462,0,1,1,0,1,1,1,0,0,0
463,1,0,1,0,0,0,1,1,1,1
464,1,0,0,1,1,0,1,0,0,0
465,0,0,0,0,1,1,1,0,1,1
466,1,1,0,0,1,1,0,1,1,1
467,0,1,1,0,1,0,1,0,1,1
468,1,1,1,0,0,1,1,1,0,0
469,1,1,1,1,1,0,1,0,1,1
470,1,1,1,1,1,0,0,0,0,1
471,1,0,1,0,1,0,1,1,1,0
472,1,1,0,1,0,0,1,0,1,0
473,0,0,1,0,1,0,0,0,0,1
474,1,1,1,1,0,1,0,0,1,1
475,1,1,1,1,0,1,0,1,0,0
476,0,1,1,1,1,1,0,0,0,1
477,0,1,1,0,0,0,0,0,0,1
478,1,0,1,1,0,1,1,0,1,0
479,0,1,1,1,1,1,0,0,0,1
480,0,0,0,1,1,1,1,0,0,0
481,0,1,1,0,0,1,0,1,0,1
482,1,0,0,0,0,0,1,1,1,0
483,0,0,1,0,1,1,1,1,0,0
484,1,1,1,0,1,0,0,0,1,1
485,0,1,0,0,0,0,1,1,1,0
486,1,1,0,1,1,1,1,0,1,0
487,1,0,0,0,0,1,0,0,1,1
488,1,0,1,0,1,1,0,0,0,1
489,0,1,1,0,0,0,0,1,1,0
490,0,1,1,1,0,0,0,1,0,0
491,0,0,0,0,0,1,1,1,1,0
492,1,0,1,0,0,1,0,0,1,1
493,1,0,1,0,1,1,1,0,1,0
494,0,1,1,0,1,1,0,1,0,0
495,0,0,0,0,0,1,1,1,0,0
496,0,1,0,1,0,1,0,0,0,0
497,1,0,0,1,1,0,0,1,0,0
498,1,1,1,0,1,1,1,0,0,0
499,0,0,1,0,1,1,1,0,0,1
500,1,1,1,1,1,0,1,1,1,1
501,1,0,0,0,1,1,0,0,1,1
502,0,1,0,0,0,1,1,0,0,1
503,0,0,0,1,0,1,0,1,0,0
504,0,1,0,1,1,0,1,1,0,0
505,1,0,0,0,1,1,0,1,1,1
506,0,1,1,1,1,1,1,0,0,0
507,1,1,1,0,1,0,0,1,0,0
508,0,1,1,1,1,0,0,1,0,1
509,1,0,1,1,0,1,0,0,1,0
510,0,1,1,1,1,1,1,1,1,1
511,0,1,1,0,0,0,0,0,1,0
512,1,1,1,0,1,0,0,1,1,1
513,0,0,0,0,0,0,1,1,1,0
514,1,0,0,0,0,1,1,1,1,0
515,1,0,0,0,1,0,1,0,0,1
516,1,0,0,1,0,1,0,0,1,1
517,0,0,1,0,0,1,0,0,1,0
518,1,1,0,1,1,0,1,0,0,1
519,1,1,1,1,0,1,0,1,1,1
520,0,0,0,1,1,1,1,0,0,0
521,1,1,0,0,0,1,1,1,1,0
522,0,1,1,0,1,0,1,1,1,0
523,1,1,0,1,0,1,1,0,0,0
524,1,1,1,1,1,0,1,1,1,0
525,0,1,1,1,0,0,0,1,1,0
526,0,1,0,0,0,0,1,0,1,0
527,1,1,0,1,1,0,1,1,1,1
528,1,0,1,0,0,1,1,0,1,0
529,1,1,1,1,1,0,1,0,1,1
530,1,0,0,0,0,0,1,1,1,0
531,0,1,0,0,1,1,1,1,1,1
532,1,1,1,1,0,1,1,0,1,0
533,0,0,1,1,1,0,0,0,0,1
534,1,0,0,1,1,0,0,1,0,0
535,0,1,0,1,1,0,0,0,0,1
536,0,0,1,1,1,1,1,0,0,0
537,1,1,1,1,0,1,1,0,0,1
538,0,0,1,0,0,1,1,1,1,0
539,1,1,1,1,1,0,1,1,1,0
540,1,0,1,1,1,1,0,0,0,1
541,1,0,0,0,0,0,1,0,0,0
542,1,0,0,0,0,0,0,0,1,0
543,1,1,0,0,1,0,1,0,0,0
544,1,1,0,1,1,0,0,0,0,1
545,0,1,1,1,0,0,0,1,0,1
546,0,1,1,1,1,1,1,0,1,0
547,0,1,1,0,0,1,0,0,0,1
548,1,0,1,1,1,1,1,1,1,1
549,0,0,1,1,1,1,1,0,0,1
550,0,0,0,1,0,1,0,1,1,0
551,0,0,0,0,1,0,0,1,0,0
552,1,1,0,1,1,1,0,0,0,1
553,0,1,0,1,1,1,1,1,1,0
554,1,0,0,0,0,0,1,1,0,0
555,0,1,0,0,0,0,1,1,1,1
556,1,0,1,0,1,1,1,1,1,0
557,0,1,0,0,1,0,0,1,1,0
558,1,0,1,1,0,0,1,1,1,0
559,0,1,1,1,0,0,1,0,1,0
560,0,1,1,0,1,1,0,1,1,1
561,0,0,1,0,1,1,0,0,1,1
562,1,0,0,0,1,1,0,1,0,1
563,1,1,0,1,0,0,0,0,0,1
564,1,0,0,0,1,0,1,1,1,1
565,0,0,0,1,1,0,1,0,0,1
566,0,1,0,0,0,1,0,0,0,0
567,0,1,1,0,1,0,1,1,0,0
568,1,0,1,0,0,0,0,0,1,0
569,0,1,0,1,1,0,1,1,0,1
570,1,1,0,0,0,0,0,1,0,0
571,0,1,1,1,0,1,1,1,1,0
572,1,0,1,1,0,0,1,0,1,1
573,0,1,0,0,1,1,1,0,1,0
574,1,1,1,0,0,0,1,1,1,1
575,0,0,0,0,1,0,1,0,0,0
576,1,1,1,1,1,1,0,0,0,0
577,0,0,0,1,0,0,0,0,0,0
578,1,1,1,1,0,1,1,0,0,1
579,1,1,0,1,1,1,0,1,0,1
580,0,1,1,1,1,0,1,1,1,0
581,0,0,0,0,0,1,0,0,1,0
582,0,1,0,0,1,0,1,0,1,1
583,0,1,0,1,1,0,0,0,1,1
584,0,0,0,0,1,1,1,1,0,1
585,1,1,0,0,0,1,0,0,1,1
586,1,0,0,1,1,1,1,0,1,1
587,1,0,0,0,1,0,1,0,0,1
588,1,1,0,0,0,1,1,1,0,0
589,1,1,0,0,0,0,1,1,0,0
590,1,1,1,0,0,1,1,1,0,1
591,0,0,0,1,0,0,1,0,1,0
592,1,1,1,0,0,1,0,0,0,0
593,1,0,0,0,1,1,1,1,1,0
594,0,0,1,1,1,0,0,0,0,0
595,0,1,0,0,0,0,0,0,1,1
596,1,1,1,0,1,1,0,1,0,0
597,1,1,0,0,1,0,0,1,0,1
598,1,1,0,1,1,0,1,1,0,0
599,1,1,0,1,0,1,0,1,0,1
600,0,0,0,0,0,0,0,1,1,1
601,1,0,1,0,1,1,1,1,0,1
602,1,1,0,1,1,0,0,0,0,1
603,0,1,1,1,0,0,1,0,1,1
604,1,1,1,0,0,0,1,1,0,0
605,0,0,1,1,1,0,0,0,0,0
606,1,1,1,1,0,0,1,0,0,0
607,1,0,1,1,0,0,1,1,0,1
608,0,1,1,0,1,0,0,1,0,1
609,0,1,0,1,1,0,1,0,1,0
610,0,1,0,0,0,0,1,1,0,0
611,0,1,1,1,1,1,0,0,0,0
612,0,0,0,1,1,0,1,1,0,1
613,0,1,1,1,1,1,1,0,0,0
614,1,1,0,0,0,0,0,0,1,1
615,0,0,1,1,0,0,1,0,1,1
616,0,1,1,1,0,0,1,1,1,1
617,0,1,0,0,1,0,0,0,1,0
618,1,0,0,1,0,0,0,1,0,0
619,0,0,1,0,1,0,0,1,1,1
620,0,1,0,0,1,1,1,1,0,1
621,1,1,1,1,0,0,1,1,1,0
622,0,0,1,0,0,0,1,0,1,0
623,0,0,0,1,1,0,1,1,1,0
624,0,1,0,1,0,1,0,1,1,0
625,0,1,1,0,1,1,1,0,1,1
626,0,0,0,0,1,0,0,0,0,0
627,1,1,0,0,0,1,1,0,1,1
628,1,1,0,1,0,1,0,0,0,0
629,1,0,0,0,1,1,1,0,1,0
630,1,0,1,0,1,1,1,0,1,0
631,1,0,1,0,1,1,1,1,0,0
632,0,0,0,0,0,0,1,1,1,1
633,1,0,0,1,0,1,0,1,0,0
634,1,0,0,0,0,0,0,0,0,1
635,1,0,1,0,0,0,1,1,0,0
636,1,0,0,0,1,1,0,0,0,1
637,1,1,0,1,1,0,0,0,1,0
638,1,0,0,1,1,1,0,0,0,1
639,0,0,1,0,0,0,1,1,0,1
640,1,0,1,1,0,0,1,0,0,1
641,0,1,1,1,0,1,1,1,0,0
642,0,0,1,1,1,1,1,0,1,0
643,0,1,0,1,0,0,1,1,0,1
644,0,0,1,0,1,1,1,1,1,0
645,1,1,0,1,1,1,0,1,1,1
646,0,0,0,0,0,0,1,0,0,1
647,0,0,1,0,1,0,1,0,1,0
648,1,1,0,1,1,0,1,1,1,0
649,0,1,0,1,1,0,1,0,1,1
650,1,1,1,1,1,0,0,0,1,0
651,0,0,0,0,1,1,0,0,0,0
652,1,0,1,1,0,1,0,1,1,0
653,0,1,0,0,0,1,1,0,1,1
654,1,1,1,0,1,1,1,1,1,1
655,1,0,1,0,0,0,1,0,0,1
656,1,1,1,0,0,0,1,1,1,1
657,1,1,0,1,1,0,0,1,0,1
658,0,0,1,0,0,0,0,0,0,1
659,0,1,1,0,0,1,0,1,0,1
660,0,1,0,1,1,0,1,0,0,1
661,1,1,0,0,0,0,1,1,0,1
662,0,0,1,1,1,1,0,0,1,0
663,0,0,0,1,1,1,0,0,0,0
664,0,0,1,0,1,1,1,0,0,0
665,1,0,1,1,0,1,0,0,1,1
666,1,0,0,1,1,0,1,0,1,1
667,0,0,1,0,1,1,0,0,0,1
668,1,1,0,0,0,0,0,1,0,1
669,1,1,1,1,0,0,1,1,1,1
670,1,1,1,0,1,0,1,0,1,0
671,1,0,1,0,1,1,1,1,1,1
672,0,1,0,0,0,1,1,1,1,1
673,1,1,1,1,0,0,0,1,1,1
674,1,0,1,1,1,0,0,1,1,1
675,1,0,0,0,0,0,1,0,0,0
676,1,0,1,1,0,1,0,1,0,0
677,1,1,1,1,1,1,1,0,0,1
678,1,1,0,1,0,1,1,0,0,1
679,0,0,0,1,1,0,1,1,1,1
680,0,0,1,0,0,1,1,1,0,1
681,1,0,0,1,1,0,0,1,0,1
682,0,1,0,1,0,1,1,1,1,1
683,0,1,0,0,0,1,0,1,0,1
684,1,1,1,0,1,1,0,0,1,0
685,1,1,0,1,1,1,0,0,1,1
686,1,0,1,1,1,1,1,0,1,1
687,0,0,0,0,0,1,0,1,1,1
688,1,0,1,0,0,1,1,1,1,0
689,1,0,1,1,1,0,0,0,1,1
690,1,1,0,1,0,1,0,0,1,0
691,0,1,1,1,1,1,1,0,0,0
692,1,1,1,0,0,1,1,1,0,1
693,0,0,1,0,0,0,1,0,1,0
694,0,0,0,1,1,1,1,1,0,0
695,0,0,1,0,0,0,0,1,1,0
696,1,1,1,1,1,1,1,0,0,1
697,1,1,1,1,0,0,1,1,1,1
698,0,0,1,0,0,1,0,0,1,0
699,0,0,1,1,1,1,1,0,1,0
700,0,1,1,0,0,0,0,0,1,1
701,0,1,0,0,0,1,1,1,0,1
702,0,1,0,0,1,1,0,0,0,1
703,0,0,0,0,0,1,0,0,1,0
704,1,0,1,1,1,0,1,1,0,0
705,0,1,0,1,1,0,0,1,0,1
706,1,0,0,0,1,1,1,0,0,1
707,0,1,1,1,1,0,1,0,0,0
708,0,1,0,1,0,0,0,1,0,0
709,1,0,1,0,1,0,0,1,0,1
710,0,1,0,1,1,0,0,0,1,1
711,1,1,0,0,0,0,1,1,1,0
712,0,1,0,1,1,1,1,1,0,0
713,1,0,0,1,1,0,1,1,0,1
714,0,0,1,1,1,1,1,0,1,1
715,0,1,1,0,0,0,1,0,1,0
716,1,1,0,0,0,0,1,0,0,0
717,1,0,1,0,1,1,1,0,1,1
718,1,1,0,1,1,1,0,1,1,1
719,1,0,1,0,0,1,1,1,0,0
720,1,1,0,1,1,0,1,0,1,1
721,1,0,1,0,0,1,1,1,1,1
722,0,1,1,1,1,1,0,0,1,1
723,0,1,1,0,0,1,1,1,0,0
724,0,1,1,0,0,1,0,1,0,1
725,0,0,1,1,1,1,0,1,1,0
726,0,1,0,0,0,1,1,1,1,1
727,1,0,1,1,1,0,1,0,0,0
728,1,1,0,0,0,1,1,1,1,0
729,1,1,0,0,0,0,1,0,0,0
730,0,0,1,0,0,1,1,1,1,0
731,0,1,0,0,0,1,0,1,0,1
732,0,0,0,0,0,1,1,1,0,1
733,0,1,1,0,1,0,1,0,0,0
734,1,1,0,0,0,0,0,1,1,0
735,1,0,1,1,1,1,0,1,0,0
736,1,0,0,1,0,0,1,0,0,0
737,0,0,1,1,1,0,0,1,0,0
738,1,1,0,0,0,0,0,1,1,1
739,1,1,1,0,0,1,1,0,0,1
740,1,0,0,0,0,0,1,1,0,1
741,1,0,0,1,0,1,1,1,0,1
742,1,0,0,1,0,1,0,0,0,0
743,0,0,0,1,0,1,1,0,1,1
744,0,1,1,1,1,0,0,1,1,1
745,0,0,1,1,1,1,0,1,1,0
746,1,1,1,1,0,0,1,0,1,1
747,1,1,1,1,1,1,0,0,1,1
748,1,0,0,1,0,1,1,1,0,1
749,0,1,1,0,0,1,0,0,1,1
750,0,1,1,0,0,0,1,1,0,0
751,0,1,1,0,1,0,0,1,0,0
752,1,0,0,0,1,0,0,0,1,0
753,1,1,1,1,0,1,1,0,0,0
754,0,0,1,1,0,0,0,0,1,0
755,1,1,1,1,0,0,1,1,1,1
756,1,0,0,0,1,1,1,1,0,1
757,1,0,0,1,1,0,0,0,0,0
758,1,1,1,0,1,0,0,1,0,1
759,1,1,1,1,1,1,1,1,1,1
760,0,0,1,0,0,1,1,1,0,0
761,1,0,1,0,1,1,0,0,1,0
762,1,0,1,0,1,1,1,0,0,1
763,1,1,1,0,0,1,1,1,1,1
764,1,0,0,1,0,0,1,1,0,1
765,1,1,0,0,1,0,1,0,0,1
766,0,1,1,1,0,0,0,0,1,0
767,1,1,1,1,1,1,1,1,0,1
768,1,0,0,1,1,1,0,1,0,0
769,1,1,0,1,0,0,0,0,0,1
770,0,1,1,0,1,1,0,1,0,1
771,0,0,1,1,0,1,0,0,0,0
772,1,1,0,0,1,1,0,1,0,0
773,1,0,1,1,1,0,0,0,0,1
774,1,1,0,1,1,1,1,0,1,0
775,0,1,0,0,1,0,1,1,1,0
776,0,1,1,1,1,1,0,1,0,0
777,0,1,0,1,0,1,0,1,1,1
778,1,1,0,0,1,1,1,0,0,1
779,0,1,1,1,0,0,1,1,0,0
780,1,1,0,1,0,1,1,0,1,0
781,1,1,0,0,1,1,1,0,0,0
782,0,0,0,0,1,1,0,1,0,1
783,0,1,0,0,1,1,1,0,0,0
784,1,1,0,0,0,1,0,0,1,1
785,0,1,0,0,0,0,1,1,0,1
786,1,1,1,1,1,0,0,1,1,1
787,1,1,1,0,0,1,0,1,1,0
788,0,0,0,1,0,0,1,1,1,1
789,0,0,0,1,0,0,0,1,0,0
790,1,0,0,1,1,0,1,1,1,1
791,1,1,0,1,0,1,0,0,0,0
792,0,0,0,1,0,0,0,0,1,0
793,0,1,1,0,1,0,0,0,1,1
794,0,0,1,0,0,0,1,1,1,0
795,1,1,0,0,1,0,1,0,0,1
796,1,1,0,1,1,0,0,0,1,0
797,1,0,0,1,0,0,1,1,1,0
798,0,0,0,1,1,1,0,0,0,0
799,0,1,1,0,0,1,0,0,0,1
800,1,1,1,1,0,0,1,1,1,1
801,1,1,0,0,0,1,1,0,1,0
802,0,1,1,0,0,0,0,1,1,1
803,1,1,0,0,0,0,1,1,1,0
804,0,1,1,1,1,1,0,1,1,1
805,1,0,0,1,1,1,1,0,0,0
806,0,1,1,0,1,1,0,0,0,1
807,1,1,0,0,1,0,0,1,1,1
808,0,0,1,1,0,0,1,1,0,1
809,0,0,0,1,0,1,1,0,1,0
810,1,0,0,1,1,0,1,0,0,0
811,0,1,1,1,1,0,0,1,1,0
812,0,0,0,0,0,1,1,1,0,1
813,1,0,0,0,0,0,0,1,1,1
814,1,1,1,0,1,0,0,0,0,0
815,1,0,1,0,0,0,0,1,1,0
816,0,1,1,0,0,0,0,0,0,0
817,0,1,0,1,1,1,1,1,0,0
818,0,1,0,1,1,1,1,1,1,1
819,1,0,1,0,0,0,0,0,0,0
820,1,1,1,1,1,1,1,0,1,1
821,1,0,0,1,1,0,0,0,1,0
822,0,0,1,0,1,1,1,0,0,0
823,0,1,1,0,0,1,0,0,0,1
824,0,1,0,0,1,0,0,0,0,0
825,0,1,0,0,1,1,0,0,0,1
826,0,0,0,1,0,1,1,1,0,0
827,1,1,1,1,0,0,1,1,1,0
828,0,1,0,0,1,0,0,1,1,1
829,0,1,0,0,0,1,1,0,1,1
830,0,0,1,1,1,0,0,1,1,0
831,0,1,0,1,1,0,1,1,0,1
832,1,0,1,0,1,0,0,0,0,1
833,1,0,0,1,1,1,1,1,0,1
834,1,1,0,0,0,0,0,1,0,0
835,1,1,0,1,0,0,0,1,1,0
836,1,1,1,1,0,0,0,0,0,1
837,1,1,1,0,0,0,0,0,1,1
838,1,1,1,0,0,0,0,1,1,0
839,1,0,0,1,1,1,0,0,0,1
840,1,0,1,1,0,0,0,0,0,1
841,1,1,1,1,1,1,0,1,0,1
842,1,0,0,1,0,1,0,0,0,0
843,1,0,0,0,1,0,0,0,1,0
844,0,1,0,0,1,1,1,1,0,1
845,1,1,0,0,1,1,0,1,0,1
846,1,0,0,1,0,1,1,0,1,1
847,0,1,1,0,0,0,0,0,0,0
848,1,1,1,0,1,0,0,0,1,0
849,1,1,1,0,0,0,0,0,0,0
850,0,0,1,0,0,1,0,1,1,1
851,1,0,0,1,1,1,0,1,1,0
852,1,1,0,1,0,0,1,1,0,0
853,0,0,0,0,1,0,0,0,1,0
854,0,0,0,0,1,0,0,1,0,1
855,1,0,1,0,1,0,0,1,1,0
856,0,0,1,1,1,0,0,0,1,1
857,1,1,0,0,0,1,0,1,1,1
858,0,0,0,0,0,1,1,0,0,0
859,1,1,1,0,1,1,1,0,0,1
860,0,0,1,1,1,1,1,1,1,0
861,1,0,0,0,1,0,0,0,0,1
862,0,0,1,0,1,1,0,0,0,0
863,0,1,0,0,1,1,0,0,1,1
864,0,1,0,0,1,1,1,1,1,0
865,1,1,0,0,0,0,1,1,0,0
866,0,0,1,0,0,1,1,0,1,1
867,1,1,1,1,0,0,1,1,1,0
868,1,0,1,1,1,0,0,1,1,1
869,1,0,0,0,1,1,0,0,1,0
870,0,0,0,0,1,0,1,0,1,1
871,1,0,0,1,0,0,0,0,1,1
872,0,0,0,0,1,1,1,0,0,1
873,1,1,1,0,1,1,1,1,1,1
874,0,0,0,1,0,0,1,0,0,0
875,0,1,0,0,0,1,1,1,0,1
876,0,0,1,1,1,0,0,1,1,0
877,0,1,1,0,0,0,1,0,1,0
878,0,0,1,0,1,0,1,0,0,1
879,0,0,0,1,1,0,1,0,0,1
880,1,1,0,1,1,1,1,1,1,0
881,0,1,0,1,1,1,0,0,1,0
882,0,1,0,0,1,1,1,0,0,1
883,0,1,1,0,0,1,1,0,0,0
884,0,0,0,0,1,1,1,1,0,1
885,0,0,1,1,0,1,0,0,1,0
886,0,1,0,0,0,0,0,1,0,0
887,0,0,1,0,0,0,0,0,0,1
888,0,1,0,1,0,1,0,1,0,1
889,1,1,0,1,1,1,0,0,0,1
890,0,1,1,1,1,1,1,0,1,1
891,0,1,0,1,0,0,1,0,1,0
892,1,1,0,0,0,1,1,0,0,0
893,1,0,1,0,1,1,1,1,1,1
894,0,1,0,0,1,1,0,1,1,0
895,0,0,1,1,0,1,1,0,0,0
896,1,1,1,1,1,1,0,1,0,1
897,1,0,1,1,0,0,1,0,0,0
898,1,1,0,1,1,0,0,0,0,1
899,1,0,0,0,1,0,0,0,1,1
900,0,0,0,0,0,0,1,1,1,1
901,1,0,0,1,1,0,0,0,1,0
902,0,1,0,0,1,0,0,1,1,0
903,1,1,0,1,1,0,0,0,1,1
904,0,1,0,0,1,0,0,1,0,1
905,1,1,1,0,0,1,0,0,0,1
906,0,0,1,0,0,0,1,1,1,1
907,1,0,1,1,0,1,0,0,0,0
908,0,1,1,0,0,1,1,1,1,0
909,1,1,1,1,0,1,1,1,0,1
910,1,0,1,1,1,1,0,1,1,0
911,1,0,0,1,0,1,0,1,1,1
912,1,0,1,0,1,0,0,1,1,1
913,0,0,0,0,1,1,0,1,1,1
914,1,1,0,0,1,0,1,0,0,0
915,0,0,1,0,0,1,1,0,0,1
916,0,0,0,1,1,1,0,0,1,0
917,0,0,0,1,0,0,1,1,0,1
918,1,0,1,0,0,0,1,1,1,1
919,1,1,0,1,0,1,0,1,0,1
920,1,1,0,1,1,1,1,1,0,1
921,1,1,1,0,0,1,1,1,1,0
922,0,1,0,0,1,1,0,0,0,1
923,1,0,0,1,1,1,1,1,1,0
924,1,1,0,1,1,0,1,1,0,1
925,1,1,0,0,1,1,0,0,0,0
926,1,0,0,0,1,1,1,1,0,1
927,1,1,1,0,0,0,0,0,1,1
928,1,1,0,0,1,0,0,1,0,0
929,1,0,1,0,0,0,0,0,1,1
930,0,1,1,0,0,1,1,0,0,0
931,0,1,1,1,0,1,0,0,1,1
932,1,1,1,0,0,0,1,1,1,1
933,1,0,0,0,0,0,0,1,1,0
934,1,1,0,1,0,1,0,1,1,1
935,1,1,0,1,1,0,1,1,1,1
936,0,1,0,1,1,1,0,0,1,0
937,1,0,0,0,0,0,0,1,0,1
938,0,1,1,0,0,0,0,1,1,1
939,1,0,1,0,0,1,0,1,1,0
940,0,1,1,0,0,1,0,1,0,0
941,0,1,0,1,1,1,1,0,0,1
942,1,0,0,0,1,0,0,1,1,1
943,0,1,1,0,1,0,0,0,0,1
944,1,0,1,1,0,0,1,0,1,0
945,0,0,0,1,1,0,0,0,1,0
946,0,0,1,0,1,0,0,0,0,0
947,0,1,1,1,1,1,0,0,0,1
948,0,1,0,0,0,1,1,0,1,0
949,1,0,0,0,0,1,0,1,1,1
950,0,0,0,0,1,0,1,1,0,0
951,0,0,1,1,1,1,0,1,0,1
952,0,0,0,0,1,1,1,1,1,1
953,0,1,1,1,1,1,0,0,1,1
954,1,0,0,0,0,0,1,0,0,0
955,0,1,0,1,1,0,1,1,1,1
956,1,0,1,1,1,1,0,0,0,0
957,0,0,0,0,1,0,0,0,1,0
958,0,1,0,0,1,0,0,0,1,1
959,0,1,0,0,0,1,1,0,1,1
960,0,0,1,1,1,0,0,1,1,1
961,0,0,1,1,0,0,0,0,1,0
962,1,0,0,1,0,1,1,1,1,0
963,1,1,1,0,0,1,0,0,1,0
964,1,0,1,1,1,1,0,0,1,0
965,0,0,0,1,0,1,1,0,0,1
966,0,0,1,1,0,1,1,0,0,1
967,1,0,0,0,1,0,0,0,0,0
968,0,1,1,0,1,1,1,1,1,1
969,0,1,1,1,1,0,1,1,1,1
970,0,1,1,0,1,1,0,0,1,1
971,0,0,0,1,1,0,0,1,0,0
972,1,0,0,1,1,1,0,0,1,1
973,1,0,1,1,1,0,0,0,0,0
974,1,1,0,1,1,1,0,1,1,0
975,0,1,1,1,1,1,1,1,1,1
976,0,1,1,0,1,0,0,1,0,1
977,0,1,1,1,1,1,1,0,0,1
978,1,1,1,0,1,1,0,1,0,0
979,1,1,0,0,1,1,0,1,1,1
980,0,1,0,1,1,1,0,1,0,1
981,1,1,1,0,0,1,0,0,1,1
982,1,1,0,0,0,0,1,0,0,0
983,0,1,0,0,0,1,0,1,0,0
984,1,0,1,0,1,0,1,1,0,1
985,1,0,1,0,0,1,0,0,1,0
986,1,1,0,0,1,1,0,0,1,0
987,1,1,0,0,1,0,1,1,0,0
988,0,0,1,1,0,0,1,0,1,0
989,1,1,0,0,1,0,0,1,1,0
990,0,0,0,1,1,0,0,0,0,1
991,0,0,1,1,1,0,1,1,0,1
992,0,1,1,0,1,0,1,0,1,1
993,1,0,0,1,1,1,1,1,1,0
994,1,0,0,0,1,0,1,0,1,0
995,1,1,1,1,1,0,1,1,0,0
996,1,1,1,1,1,0,1,0,0,1
997,1,0,0,0,1,1,0,0,0,1
998,0,1,0,1,1,0,1,1,1,0
999,0,0,1,1,1,0,0,0,0,1
1000,0,1,0,1,0,1,1,0,1,1
1001,1,1,1,1,1,0,1,1,0,0
1002,0,1,0,0,1,1,0,0,1,0
1003,0,1,0,0,0,0,0,0,0,1
1004,1,1,1,1,0,1,0,1,0,0
1005,1,1,1,0,1,0,1,0,0,1
1006,1,0,0,0,1,0,0,1,0,0
1007,1,1,0,0,0,0,0,1,0,1
1008,1,1,0,0,0,0,1,1,1,0
1009,1,1,1,0,1,1,1,1,0,0
1010,0,1,0,0,1,1,1,1,0,1
1011,1,0,1,0,1,1,1,0,1,0
1012,1,1,0,0,1,0,0,1,1,1
1013,1,1,1,0,0,0,0,1,1,0
1014,1,0,0,0,1,1,0,1,1,0
1015,0,0,0,0,0,1,0,0,0,0
1016,0,0,0,0,1,0,1,0,0,0
1017,1,1,1,0,0,0,0,0,1,0
1018,0,1,0,0,1,1,1,0,0,0
1019,0,0,0,0,1,0,1,1,1,1
1020,0,0,1,1,1,1,0,1,0,0
1021,0,0,0,0,1,0,0,1,1,0
1022,0,1,1,0,1,0,1,0,0,0
1023,1,1,1,0,0,1,1,0,0,1
1024,0,1,1,0,1,0,1,0,1,1
1025,0,1,1,1,1,0,1,1,1,1
1026,0,0,1,0,1,0,1,1,1,1
1027,1,1,0,0,1,1,0,0,1,0
1028,1,1,0,0,1,1,0,1,1,1
1029,1,1,0,0,0,1,1,1,1,0
1030,0,1,0,0,0,1,0,0,1,0
1031,1,1,1,0,0,0,0,0,1,0
1032,1,1,1,0,0,1,1,0,1,1
1033,1,0,1,1,1,1,0,1,0,0
1034,0,1,0,0,0,0,0,0,0,0
1035,0,1,1,1,1,0,1,0,1,1
1036,0,1,0,1,1,0,1,1,1,0
1037,0,1,0,1,0,1,1,1,1,0
1038,1,0,0,1,1,0,1,1,1,0
1039,1,0,0,1,0,0,0,1,1,0
1040,1,1,0,0,0,1,0,1,1,1
1041,0,0,0,1,0,0,0,1,1,1
1042,1,0,0,1,0,0,1,1,0,0
1043,0,1,1,0,1,0,0,0,1,1
1044,0,0,0,0,0,0,0,1,0,0
1045,0,0,1,1,0,1,0,0,1,1
1046,1,1,1,0,0,0,0,0,0,1
1047,0,1,0,1,1,0,1,1,1,0
1048,0,1,1,0,1,0,1,1,0,1
1049,1,0,1,0,1,0,1,0,1,0
1050,0,1,0,1,1,0,0,1,1,0
1051,1,0,1,1,0,0,0,1,0,1
1052,1,0,1,1,0,1,1,1,1,1
1053,1,1,0,1,0,0,0,1,0,0
1054,0,1,0,0,1,1,1,1,0,0
1055,1,1,1,0,0,1,1,1,0,1
1056,0,0,1,0,0,1,0,0,0,1
1057,1,0,0,0,1,0,0,0,0,1
1058,1,0,0,1,1,1,1,1,0,1
1059,0,1,0,0,1,1,1,1,0,1
1060,1,0,0,1,1,1,0,0,0,1
1061,0,0,1,0,1,1,1,0,1,0
1062,0,1,0,1,1,0,0,0,0,1
1063,1,0,0,1,1,0,0,1,1,0
1064,0,0,0,0,1,0,1,0,0,1
1065,1,1,0,0,0,0,1,1,0,0
1066,0,1,1,1,1,1,1,0,0,0
1067,1,0,1,0,0,0,0,1,1,0
1068,0,0,0,1,1,0,0,0,0,0
1069,1,0,0,0,0,0,1,0,1,0
1070,1,1,1,0,0,1,0,0,0,1
1071,0,1,1,1,1,1,1,1,1,1
1072,1,1,0,0,1,0,0,1,1,0
1073,0,1,0,1,1,1,1,1,1,0
1074,1,0,0,1,1,1,0,0,0,0
1075,1,0,0,0,0,0,0,1,1,1
1076,0,1,0,0,1,0,1,0,1,0
1077,1,1,1,1,1,0,1,1,1,1
1078,0,1,0,0,1,0,1,1,1,1
1079,1,1,0,1,1,1,1,1,0,0
1080,0,1,1,1,1,0,0,1,1,0
1081,1,1,0,0,1,0,1,0,1,1
1082,0,1,1,1,0,1,1,0,1,1
1083,1,0,1,1,0,0,1,0,0,1
1084,0,1,0,1,0,1,0,1,1,0
1085,1,0,1,0,0,1,1,0,1,1
1086,1,1,1,0,0,0,0,1,0,0
1087,1,1,1,0,1,0,0,0,1,0
1088,1,0,0,1,0,0,1,0,0,1
1089,1,1,0,0,1,1,1,1,1,0
1090,1,0,1,1,0,1,1,0,1,1
1091,0,1,0,0,1,1,0,0,0,1
1092,1,1,0,0,1,0,1,0,0,1
1093,1,0,0,1,0,0,1,1,0,0
1094,1,0,0,0,0,1,1,1,1,0
1095,1,0,0,0,1,0,0,1,0,0
1096,0,0,0,0,1,1,1,0,0,0
1097,1,0,0,0,1,0,1,1,0,1
1098,1,1,0,0,1,0,0,1,1,0
1099,0,1,0,0,0,0,1,0,1,1
1100,1,0,0,0,1,1,1,0,0,1
1101,1,0,0,1,1,0,1,1,0,0
1102,0,1,1,0,1,0,1,1,0,1
1103,1,1,1,1,0,0,0,0,1,0
1104,1,1,0,0,0,0,1,0,1,0
1105,0,1,1,0,1,1,1,0,0,0
1106,1,1,0,1,0,0,0,1,0,0
1107,1,0,0,1,0,1,1,0,0,0
1108,0,1,0,0,1,1,1,0,1,0
1109,0,0,1,1,0,1,1,0,0,0
1110,1,0,1,1,0,1,0,1,0,1
1111,1,1,1,0,1,0,1,1,1,1
1112,0,1,0,0,1,0,0,0,0,1
1113,0,1,0,1,0,1,0,1,1,1
1114,0,1,0,1,1,1,1,1,1,1
1115,0,1,1,1,1,1,1,0,1,0
1116,1,0,0,0,1,0,1,0,0,1
1117,0,0,1,1,1,1,0,0,1,0
1118,0,1,1,0,0,0,1,1,0,1
1119,0,0,1,0,0,0,0,0,1,1
1120,1,1,1,0,0,1,0,0,1,1
1121,0,1,0,0,0,1,0,0,1,1
1122,0,1,1,0,0,1,1,1,1,1
1123,1,1,0,1,0,0,1,1,1,1
1124,0,1,1,1,0,0,1,0,0,0
1125,0,1,1,0,0,0,1,0,0,1
1126,1,1,1,0,0,1,0,1,1,0
1127,1,0,1,1,0,1,1,1,1,1
1128,1,1,0,0,1,1,0,1,0,1
1129,1,1,0,0,0,0,0,1,0,1
1130,1,0,1,0,0,1,1,1,0,1
1131,1,1,1,0,1,0,1,1,0,0
1132,0,0,0,1,0,0,0,0,0,1
1133,0,1,1,0,1,0,0,0,1,1
1134,1,0,0,0,1,0,1,1,0,1
1135,1,0,0,1,0,1,0,0,1,1
1136,1,0,0,1,0,0,1,1,0,1
1137,0,1,1,0,0,0,0,1,0,1
1138,0,1,0,1,0,0,0,0,1,1
1139,1,0,0,1,1,1,0,1,1,1
1140,0,0,1,0,0,1,1,1,0,0
1141,0,0,1,1,0,0,0,1,1,0
1142,0,1,1,0,1,1,1,0,1,1
1143,1,0,0,1,0,0,1,1,1,1
1144,0,0,1,0,1,0,0,0,1,1
1145,0,1,0,1,1,1,1,1,0,1
1146,0,0,0,0,1,1,1,1,0,0
1147,0,1,0,0,1,0,1,0,1,0
1148,0,0,1,0,1,0,0,0,0,1
1149,0,1,1,1,0,1,1,0,0,0
1150,1,1,1,1,0,0,0,1,0,0
1151,0,0,1,1,0,1,0,0,0,0
1152,1,0,1,1,1,1,1,0,0,1
1153,1,0,1,0,0,1,0,0,1,1
1154,0,1,1,1,1,0,1,0,1,1
1155,0,0,0,1,1,0,0,1,1,0
1156,1,1,1,0,0,0,1,0,1,0
1157,0,1,0,0,1,1,1,0,0,1
1158,1,0,1,0,0,1,1,0,0,0
1159,0,1,1,1,0,0,1,1,0,0
1160,1,0,1,1,0,0,1,1,0,1
1161,1,1,1,0,1,1,1,0,0,0
1162,0,1,1,1,0,1,1,1,1,0
1163,0,1,0,1,1,1,0,1,0,0
1164,0,1,1,0,1,0,0,1,0,1
1165,1,1,0,1,0,0,1,0,0,0
1166,1,1,0,1,1,1,1,0,0,1
1167,0,0,0,0,0,0,1,1,0,0
1168,0,1,1,1,0,0,1,1,1,1
1169,1,0,0,0,1,0,1,1,0,0
1170,0,0,0,0,0,0,1,0,1,0
1171,1,1,1,0,1,0,0,1,1,0
1172,1,0,0,1,0,1,0,1,0,1
1173,1,0,0,0,0,0,1,1,1,0
1174,1,1,1,1,1,1,1,1,0,1
1175,1,0,1,0,0,0,0,1,1,0
1176,0,1,0,1,0,0,1,1,0,0
1177,0,1,0,0,1,0,1,0,0,1
1178,0,1,0,0,1,0,0,0,1,0
1179,0,0,0,1,0,1,1,1,1,1
1180,0,0,0,0,0,1,0,1,1,0
1181,0,0,0,1,0,0,1,0,1,0
1182,0,1,1,1,0,0,1,0,1,1
1183,1,1,0,0,0,1,1,0,0,1
1184,0,1,1,0,0,0,0,1,1,1
1185,0,1,1,0,1,0,1,0,0,0
1186,1,1,1,0,1,0,0,0,1,1
1187,0,0,0,1,1,1,0,0,0,1
1188,0,0,0,0,1,0,0,1,0,1
1189,0,0,0,0,1,0,1,1,1,1
1190,0,1,1,1,0,0,1,1,1,1
1191,0,1,1,0,0,1,0,1,0,0
1192,0,1,1,0,0,0,1,0,0,0
1193,0,0,1,0,1,0,1,1,1,1
1194,0,0,0,1,0,0,1,0,0,1
1195,1,0,1,0,1,0,0,0,0,0
1196,1,0,1,1,0,0,1,0,0,1
1197,0,1,0,0,1,0,0,1,1,0
1198,1,0,0,1,0,0,0,0,0,1
1199,0,0,0,0,0,0,1,1,0,0
1200,0,1,0,0,0,0,0,0,1,1
1201,0,1,0,1,0,1,1,1,0,0
1202,0,0,0,0,0,0,1,0,0,0
1203,1,1,0,0,1,0,0,1,1,1
1204,1,1,0,0,0,1,0,0,0,0
1205,0,0,0,1,1,1,1,0,1,1
1206,0,1,0,1,0,0,1,0,0,1
1207,0,0,0,1,0,0,1,0,1,0
1208,1,1,1,1,0,1,1,1,1,0
1209,0,1,1,0,0,0,0,0,0,1
1210,0,1,1,1,0,0,0,1,1,0
1211,0,1,1,1,1,1,1,1,0,0
1212,0,0,1,1,1,0,1,0,1,0
1213,0,0,0,1,0,1,0,0,0,0
1214,0,1,1,1,0,0,1,0,0,1
1215,0,0,1,0,1,1,0,1,0,1
1216,0,0,1,1,1,1,0,0,1,0
1217,1,1,1,1,0,1,1,0,0,0
1218,1,0,1,0,1,0,1,1,0,0
1219,1,0,1,0,1,1,1,0,0,0
1220,1,1,0,1,1,0,1,0,0,1
1221,1,0,1,0,0,0,0,1,0,0
1222,0,1,0,0,0,0,1,1,0,0
1223,1,1,0,0,0,0,0,1,0,1
1224,0,0,1,1,0,1,1,0,1,1
1225,0,1,0,1,1,1,1,0,1,1
1226,0,0,1,1,1,0,1,1,1,0
1227,1,1,0,1,0,1,1,1,1,1
1228,1,0,0,0,0,1,1,0,1,1
1229,1,1,0,1,1,1,1,1,0,1
1230,0,1,1,1,0,1,0,0,0,0
1231,0,1,0,1,0,1,1,0,1,1
1232,1,1,0,0,1,0,0,0,1,1
1233,0,1,0,0,0,0,0,1,1,0
1234,0,1,0,0,1,1,1,1,1,1
1235,0,1,1,0,1,0,0,1,1,1
1236,1,0,0,0,1,1,1,1,0,1
1237,0,1,0,1,0,1,0,1,1,1
1238,1,1,0,0,1,0,0,1,0,1
1239,0,1,0,0,0,1,1,0,0,0
1240,1,1,1,1,1,1,0,1,1,0
1241,1,0,1,1,1,0,1,1,1,0
1242,1,0,0,1,1,0,1,0,0,1
1243,0,0,1,0,1,0,0,0,1,0
1244,0,0,1,0,0,1,0,0,0,0
1245,0,0,0,1,0,1,1,0,0,0
1246,0,1,1,1,1,1,0,0,0,1
1247,1,0,1,1,1,1,0,0,1,1
1248,1,1,1,1,1,1,0,0,1,1
1249,0,0,0,1,1,0,0,1,1,0
1250,1,1,0,0,1,1,0,0,0,0
1251,1,1,0,0,0,1,1,1,0,1
1252,1,0,0,0,1,1,0,1,1,1
1253,0,0,1,1,1,1,1,0,1,1
1254,0,0,0,1,1,1,1,1,1,0
1255,1,1,1,0,1,0,0,1,1,0
1256,1,1,1,0,0,0,1,1,1,1
1257,1,0,1,1,0,1,0,1,0,0
1258,1,1,0,0,1,0,1,0,0,1
1259,0,0,1,1,0,0,1,0,0,0
1260,0,0,1,1,0,0,0,0,1,0
1261,0,0,1,0,0,1,1,1,0,0
1262,0,0,1,0,0,1,1,1,1,1
1263,0,0,0,1,1,1,0,0,1,1
1264,0,1,0,1,0,1,0,1,1,0
1265,0,1,0,0,0,0,0,0,1,1
1266,1,1,1,1,0,1,1,0,0,0
1267,0,0,1,1,1,0,0,0,1,1
1268,1,1,0,1,0,0,1,1,1,1
1269,0,1,0,0,0,1,0,1,0,1
1270,1,1,1,0,0,0,1,1,0,1
1271,1,1,0,0,0,0,1,0,1,1
1272,0,1,1,0,1,0,1,1,0,1
1273,1,0,0,0,0,0,1,0,0,1
1274,0,0,0,0,1,1,0,1,1,1
1275,1,0,0,1,0,0,0,0,1,1
1276,1,1,0,0,0,0,0,0,0,1
1277,0,0,1,1,0,1,0,0,0,0
1278,1,0,0,1,0,0,1,1,0,0
1279,1,0,1,0,1,1,1,0,1,0
1280,0,0,0,1,1,0,1,0,0,0
1281,0,1,0,1,1,1,0,0,0,0
1282,1,1,1,1,0,1,0,0,0,0
1283,1,0,0,0,1,1,1,0,1,0
1284,0,1,0,1,0,0,1,1,0,0
1285,1,1,0,0,1,1,0,0,0,0
1286,0,0,1,0,1,0,1,1,1,1
1287,1,1,0,1,1,0,0,0,0,0
1288,1,0,0,0,1,1,0,1,0,0
1289,1,1,0,1,0,1,1,1,1,0
1290,1,0,0,1,1,0,0,0,1,0
1291,0,1,0,0,0,1,1,0,0,1
1292,0,0,0,0,1,0,1,1,1,1
1293,1,0,0,0,1,1,0,1,1,0
1294,0,0,0,0,0,1,0,1,1,0
1295,1,1,0,1,1,0,1,0,0,0
1296,1,1,1,1,0,0,1,1,1,1
1297,1,1,0,1,0,1,1,0,0,0
1298,0,0,1,0,0,0,1,0,1,0
1299,0,1,1,1,1,0,1,0,0,1
1300,1,1,0,0,1,0,1,0,1,0
1301,0,0,1,1,1,1,1,0,0,0
1302,0,0,0,0,0,0,0,0,1,1
1303,1,0,0,1,1,1,0,0,0,1
1304,0,1,1,1,1,1,1,1,1,0
1305,1,1,0,0,1,1,0,0,0,1
1306,0,0,0,1,0,1,0,1,0,1
1307,0,0,0,0,0,0,0,0,0,0
1308,0,1,1,0,1,1,0,1,1,1
1309,0,1,0,1,0,1,1,0,1,1
1310,1,0,0,0,1,1,1,1,1,1
1311,1,0,1,0,0,0,1,1,0,0
1312,0,0,1,0,1,0,0,1,0,0
1313,1,0,1,1,0,1,1,0,0,0
1314,0,0,0,0,0,0,1,0,0,0
1315,0,1,0,1,1,1,0,0,0,0
1316,1,0,1,0,0,0,1,1,0,1
1317,1,1,1,0,0,0,0,1,0,1
1318,0,0,0,0,0,0,0,0,1,0
1319,1,0,0,1,0,0,1,1,0,0
1320,1,1,1,0,1,1,0,1,1,1
1321,0,1,0,1,1,1,0,1,1,0
1322,1,1,1,0,0,0,1,0,1,1
1323,1,1,1,1,0,0,0,1,1,1
1324,1,1,0,1,1,0,0,1,1,0
1325,0,1,0,0,1,0,1,1,0,1
1326,1,0,1,1,0,0,1,0,0,0
1327,0,0,0,0,1,1,0,0,1,1
1328,0,1,1,0,1,1,0,0,0,0
1329,0,1,1,0,0,0,1,0,0,0
1330,0,1,0,1,0,1,1,1,0,0
1331,1,0,1,1,0,1,0,1,0,0
1332,1,1,0,0,1,1,0,0,1,1
1333,1,1,1,1,0,1,1,1,0,0
1334,1,1,0,1,1,1,0,0,0,1
1335,0,1,0,1,1,0,1,0,0,0
1336,1,1,1,1,0,1,0,0,1,0
1337,1,0,0,1,0,1,1,0,0,0
1338,1,1,0,1,1,1,0,1,0,1
1339,1,1,0,1,1,0,1,0,0,1
1340,0,1,0,0,0,1,0,1,1,0
1341,1,1,0,0,0,1,0,1,1,1
1342,1,0,1,0,0,0,1,1,1,1
1343,0,1,1,0,1,0,0,1,1,0
1344,0,0,1,0,1,1,0,1,1,0
1345,1,1,0,0,0,0,1,0,1,0
1346,0,0,1,1,0,1,1,0,1,0
1347,1,1,0,1,0,0,0,1,1,0
1348,1,0,0,1,0,0,0,0,0,1
1349,0,1,0,0,0,0,0,1,1,0
1350,1,1,0,1,1,1,1,0,1,1
1351,1,0,0,1,1,1,0,0,1,0
1352,1,1,0,0,1,0,0,1,0,1
1353,1,1,1,0,1,1,1,0,1,1
1354,1,0,0,0,0,1,1,1,0,0
1355,0,0,1,0,0,0,0,0,0,0
1356,0,0,0,1,0,0,0,0,0,0
1357,1,0,1,1,1,0,0,0,0,0
1358,0,0,1,0,0,0,0,1,1,0
1359,0,0,0,0,0,0,0,0,0,1
1360,0,0,1,1,0,0,0,0,1,1
1361,1,0,0,0,0,1,0,0,0,0
1362,1,0,0,1,0,0,0,0,0,1
1363,1,1,1,1,1,1,0,0,1,0
1364,0,0,0,0,1,1,1,1,0,0
1365,0,1,0,1,1,0,0,1,0,1
1366,1,0,1,1,0,0,0,0,1,1
1367,1,0,1,1,0,1,0,0,1,0
1368,1,0,1,0,0,1,0,0,1,1
1369,1,1,1,1,1,1,0,0,0,0
1370,0,1,0,0,1,0,0,0,0,1
1371,1,1,1,0,1,1,0,1,1,0
1372,1,1,1,0,0,0,1,1,0,0
1373,1,1,0,1,1,1,0,0,1,0
1374,0,0,1,1,0,0,1,1,0,1
1375,0,1,1,0,0,1,0,0,1,1
1376,1,1,1,1,0,1,0,1,0,1
1377,0,0,0,0,0,0,1,0,1,0
1378,0,0,1,0,1,0,1,0,1,0
1379,0,1,0,1,1,0,0,1,1,1
1380,0,0,1,0,0,1,0,0,1,0
1381,1,1,1,0,0,0,1,0,1,1
1382,1,0,1,0,0,0,1,1,0,0
1383,0,1,1,0,0,0,0,1,1,1
1384,0,1,1,1,1,1,1,0,0,1
1385,1,1,0,1,1,0,0,1,0,0
1386,0,1,1,0,0,1,1,1,0,0
1387,0,0,0,1,1,0,1,0,0,1
1388,0,0,0,0,1,1,0,0,1,0
1389,0,0,1,0,1,1,1,1,1,0
1390,0,0,0,0,0,1,1,1,0,1
1391,0,1,0,1,0,0,1,0,0,1
1392,1,1,1,1,0,0,1,1,1,1
1393,0,1,0,1,0,1,1,0,0,1
1394,0,0,1,0,1,0,1,1,0,1
1395,1,0,0,0,0,0,1,1,1,1
1396,1,0,0,1,1,0,1,0,1,1
1397,0,0,0,1,1,1,0,1,1,1
1398,0,1,1,0,0,0,0,0,1,1
1399,0,0,1,1,1,1,0,0,1,1
1400,0,0,1,1,0,1,1,1,0,0
1401,0,1,0,1,0,0,0,1,0,1
1402,0,0,1,0,1,0,1,1,1,0
1403,0,1,0,0,1,1,1,1,0,0
1404,1,1,0,1,0,1,0,1,1,0
1405,0,1,1,1,0,0,0,0,0,0
1406,0,0,1,1,0,0,0,0,1,1
1407,1,1,1,0,0,0,1,0,1,1
1408,0,1,0,0,0,1,1,1,0,0
1409,1,0,0,1,0,0,0,1,0,0
1410,0,0,1,1,0,1,1,0,1,1
1411,0,0,1,1,0,1,0,0,1,0
1412,1,1,1,1,1,0,0,0,0,0
1413,1,0,0,1,0,1,1,0,1,0
1414,0,0,0,1,0,0,1,0,1,1
1415,1,1,1,1,1,0,0,1,0,1
1416,0,1,0,1,1,1,0,0,0,1
1417,1,0,0,1,0,1,1,0,1,1
1418,1,0,0,1,1,1,0,0,1,0
1419,1,0,1,0,0,1,0,0,1,1
1420,1,1,0,1,1,1,0,1,0,0
1421,0,1,1,0,0,0,0,0,0,1
1422,1,0,0,0,0,0,0,1,1,0
1423,1,0,1,1,0,0,1,1,0,1
1424,0,0,0,0,1,0,0,1,0,1
1425,1,1,0,0,1,0,1,0,0,1
1426,0,0,0,1,1,1,1,1,0,1
1427,0,0,0,1,1,1,1,1,0,0
1428,0,0,0,0,1,1,1,1,0,0
1429,1,0,1,0,0,0,0,0,1,1
1430,1,1,1,0,0,1,0,0,0,0
1431,0,1,0,0,1,1,1,1,1,1
1432,0,1,0,0,1,0,0,0,0,1
1433,1,0,0,0,1,0,1,0,0,0
1434,0,1,1,1,1,1,0,1,0,0
1435,0,0,0,0,1,1,0,0,1,0
1436,1,1,0,0,0,1,0,0,1,1
1437,1,0,0,1,1,1,0,1,1,0
1438,1,1,0,1,1,1,1,0,1,1
1439,1,1,1,0,0,1,0,1,1,0
1440,1,1,0,1,1,0,1,0,0,0
1441,1,0,0,1,1,1,0,0,1,1
1442,1,1,1,1,0,0,1,1,1,1
1443,1,0,1,1,1,0,1,1,0,0
1444,1,0,0,0,0,1,1,1,1,0
1445,0,0,0,1,0,0,1,0,1,0
1446,0,1,1,0,0,0,0,1,1,0
1447,1,0,0,1,0,0,1,1,1,1
1448,1,0,1,0,1,0,1,1,1,0
1449,1,0,0,1,1,1,0,0,0,0
1450,0,0,1,1,1,1,1,1,0,0
1451,0,0,1,0,1,1,0,1,1,0
1452,1,0,0,0,0,1,0,1,0,0
1453,1,0,0,0,0,0,0,0,1,1
1454,0,0,1,0,0,1,1,0,1,0
1455,1,0,0,0,0,0,0,0,1,0
1456,1,0,0,0,1,0,0,1,0,0
1457,1,0,0,1,0,0,1,1,0,0
1458,0,1,1,1,1,1,1,1,0,0
1459,1,1,1,1,1,1,1,0,0,0
1460,1,0,1,0,1,0,1,0,0,1
1461,0,1,1,1,1,0,0,0,0,0
1462,0,0,1,0,1,1,0,1,1,1
1463,0,1,0,0,0,1,1,1,0,0
1464,1,0,1,1,0,1,0,1,0,1
1465,0,1,0,0,1,0,1,1,0,1
1466,0,0,1,0,1,0,1,1,1,1
1467,1,1,1,1,1,1,0,0,1,1
1468,1,0,0,1,0,0,1,0,1,0
1469,1,0,1,0,1,0,1,0,1,0
1470,1,1,1,0,0,1,1,1,0,0
1471,1,0,0,1,1,0,1,1,1,1
1472,0,1,1,1,0,0,0,1,1,0
1473,0,1,1,0,1,0,1,0,1,1
1474,1,1,1,1,1,1,1,1,1,1
1475,1,1,1,1,1,1,1,0,0,1
1476,0,1,0,1,0,0,0,0,1,1
1477,1,1,0,0,1,0,0,1,1,0
1478,1,1,1,0,1,1,1,1,1,1
1479,1,0,0,0,1,0,1,0,0,1
1480,0,1,0,1,0,0,1,1,0,0
1481,0,0,1,0,0,0,0,0,0,1
1482,0,0,1,0,0,0,1,0,0,0
1483,1,0,1,1,1,0,1,1,1,0
1484,0,1,1,1,0,0,1,0,0,0
1485,0,1,1,0,0,1,1,1,0,0
1486,1,0,1,0,1,1,1,0,1,1
1487,1,0,1,1,0,0,1,0,0,0
1488,0,0,1,0,0,1,0,1,0,0
1489,1,0,0,0,1,0,0,0,0,0
1490,0,1,1,1,0,0,0,0,1,0
1491,0,0,0,1,1,1,1,0,1,1
1492,1,1,1,0,0,0,1,1,0,1
1493,1,1,0,0,0,0,0,1,1,0
1494,1,0,1,0,0,1,0,0,0,0
1495,1,1,1,0,1,0,0,0,1,1
1496,0,0,0,0,1,0,1,0,0,1
1497,1,0,0,0,1,1,1,0,0,0
1498,0,0,1,1,0,1,0,1,1,0
1499,1,0,1,0,0,1,1,0,1,0
1500,0,0,1,0,1,1,0,0,1,1
1501,0,1,0,0,1,1,0,0,1,1
1502,0,0,0,1,1,1,0,1,0,0
1503,0,1,0,1,0,0,0,1,0,1
1504,0,0,1,0,0,1,0,1,1,0
1505,1,0,0,0,0,1,1,1,0,1
1506,0,0,0,0,1,1,1,0,0,0
1507,1,0,1,0,0,0,0,1,0,1
1508,1,0,1,0,1,0,1,0,1,0
1509,0,1,1,0,1,0,0,0,0,0
1510,0,0,1,0,1,1,1,0,1,1
1511,0,0,0,0,0,0,0,1,0,1
1512,0,1,1,0,1,0,1,1,0,0
1513,0,0,0,0,1,0,0,0,0,0
1514,0,0,1,1,0,0,0,0,1,1
1515,0,1,0,1,0,1,0,1,0,0
1516,0,1,0,0,0,1,1,1,1,0
1517,1,1,0,0,1,1,0,1,0,1
1518,0,0,0,1,0,1,1,0,0,1
1519,0,0,0,0,1,1,1,0,0,1
1520,1,0,0,0,0,0,0,0,0,0
1521,1,1,1,1,0,0,0,0,1,0
1522,1,1,0,0,1,1,1,0,0,0
1523,0,1,1,1,0,0,1,1,1,0
1524,1,1,0,0,0,1,0,1,0,1
1525,1,0,1,1,1,1,0,1,1,0
1526,1,1,0,1,1,1,0,1,1,1
1527,0,0,1,0,1,1,1,0,0,1
1528,0,0,1,1,0,1,1,1,1,0
1529,1,0,1,0,1,0,1,0,1,1
1530,0,1,1,0,0,0,1,1,1,0
1531,0,1,1,0,0,1,1,0,0,1
1532,1,0,0,0,1,1,1,0,0,0
1533,1,0,1,1,1,1,1,1,0,1
1534,1,0,0,1,0,0,1,0,0,1
1535,0,0,1,0,0,1,1,1,0,1
1536,0,1,1,0,1,0,0,1,1,1
1537,1,1,1,0,1,0,0,0,1,0
1538,0,1,1,1,1,1,0,1,0,0
1539,0,0,1,1,1,0,1,1,1,1
1540,1,0,0,1,1,0,1,1,0,1
1541,1,1,1,0,0,0,1,0,1,0
1542,0,1,0,0,1,0,0,1,1,0
1543,0,1,0,0,0,0,0,0,1,0
1544,1,1,0,1,0,1,1,1,0,0
1545,1,0,0,0,1,0,0,0,1,0
1546,1,0,0,0,0,1,0,0,1,0
1547,0,0,1,1,1,1,0,0,0,0
1548,0,0,1,0,1,0,0,0,1,1
1549,0,1,1,1,1,0,1,0,0,1
1550,0,1,1,0,0,1,0,0,0,1
1551,0,1,1,1,0,0,0,0,0,0
1552,0,1,0,1,1,1,0,0,0,0
1553,1,0,0,1,1,1,1,0,1,0
1554,0,0,1,1,1,1,1,1,0,1
1555,0,0,1,0,0,0,1,1,1,1
1556,0,0,0,1,1,0,1,1,1,0
1557,1,1,0,1,0,0,0,0,1,1
1558,0,1,1,1,1,1,0,1,0,1
1559,1,0,0,0,0,1,1,1,1,0
1560,1,1,0,0,0,0,0,0,0,1
1561,1,0,0,0,1,1,0,1,1,0
1562,1,1,0,0,1,0,1,0,1,0
1563,0,1,0,1,1,0,0,0,0,0
1564,0,1,1,0,0,0,1,1,1,1
1565,0,0,1,0,0,1,1,1,0,1
1566,1,1,1,1,1,1,1,1,0,1
1567,0,1,1,0,1,1,1,1,1,1
1568,1,1,1,1,1,0,1,0,1,1
1569,0,0,1,1,1,0,1,0,0,1
1570,0,1,1,0,0,0,1,1,1,0
1571,0,1,1,0,1,0,1,1,0,0
1572,0,0,0,0,0,0,0,0,0,0
1573,0,1,1,0,1,0,0,0,1,0
1574,1,1,1,1,1,1,1,1,0,0
1575,1,1,0,0,0,0,1,1,0,0
1576,1,0,0,1,0,1,1,1,1,1
1577,1,1,0,0,0,1,1,0,0,0
1578,0,0,0,1,1,1,0,1,1,0
1579,0,0,1,0,1,1,1,0,0,1
1580,0,1,1,0,1,1,1,0,1,1
1581,0,1,0,1,1,1,0,0,0,0
1582,0,0,1,0,0,0,0,1,0,1
1583,1,1,1,1,0,0,1,1,0,0
1584,0,1,1,1,0,1,0,0,0,0
1585,1,0,1,1,0,0,0,0,0,1
1586,1,0,1,0,1,0,0,1,0,0
1587,1,1,1,1,0,1,0,1,1,0
1588,0,0,1,1,0,1,0,1,0,1
1589,0,1,0,1,0,1,1,1,0,1
1590,1,0,0,0,0,1,0,1,0,1
1591,0,0,1,1,0,0,0,0,0,1
1592,1,0,0,0,1,0,0,1,1,1
1593,1,0,0,1,0,1,1,1,1,1
1594,1,1,1,1,1,0,1,0,0,0
1595,1,1,1,1,1,1,0,0,0,0
1596,0,1,0,1,1,0,0,0,0,1
1597,0,1,0,0,1,0,0,1,0,0
1598,1,0,0,0,0,1,0,1,1,1
1599,0,1,1,0,1,0,0,1,0,1
1600,0,0,0,0,0,0,1,1,1,1
1601,1,0,0,0,0,1,1,0,1,0
1602,0,0,0,0,0,0,0,1,1,0
1603,0,1,0,0,1,0,0,0,0,0
1604,1,0,0,0,1,0,0,1,1,0
1605,1,0,1,1,1,1,0,1,1,1
1606,0,0,1,0,1,1,0,0,0,0
1607,0,0,0,1,1,1,0,1,1,1
1608,0,0,1,0,1,1,1,0,0,0
1609,1,0,0,0,1,1,1,0,0,0
1610,0,0,1,0,0,0,0,0,0,0
1611,0,1,1,0,1,0,1,0,0,1
1612,1,0,1,0,1,0,1,0,1,1
1613,1,0,0,0,0,0,0,1,0,0
1614,1,0,1,0,0,1,0,1,1,1
1615,0,1,1,0,1,0,1,0,0,0
1616,1,1,0,1,0,1,0,0,0,1
1617,0,0,0,1,0,1,1,1,1,0
1618,0,0,1,1,1,0,1,0,1,1
1619,0,1,1,0,1,1,1,1,0,0
1620,1,0,1,1,1,1,0,1,1,0
1621,0,1,1,0,1,0,0,0,1,0
1622,0,1,0,1,0,1,0,0,1,0
1623,1,0,0,0,1,1,1,1,1,1
1624,0,1,0,1,1,1,0,1,1,0
1625,0,0,1,1,1,0,0,0,1,0
1626,1,0,1,0,1,1,0,1,0,0
1627,0,1,1,0,1,0,1,0,0,1
1628,1,0,1,0,1,0,0,0,0,0
1629,1,0,0,1,0,0,1,1,0,1
1630,0,1,1,0,0,1,1,1,1,0
1631,1,1,1,1,1,0,1,1,1,0
1632,0,0,0,1,0,1,0,1,1,0
1633,1,0,0,1,1,1,0,1,1,0
1634,0,0,1,1,0,0,0,1,0,0
1635,0,1,0,0,1,1,0,1,0,0
1636,1,0,1,0,0,0,1,1,1,1
1637,0,1,0,1,1,1,0,1,1,0
1638,0,1,1,1,1,0,0,1,0,1
1639,1,1,1,1,0,1,1,1,0,1
1640,0,1,0,0,0,0,0,1,0,1
1641,0,0,1,0,0,1,0,1,1,1
1642,0,1,0,1,0,1,0,1,0,1
1643,0,0,1,1,1,1,0,1,1,1
1644,1,1,0,1,0,0,0,1,0,1
1645,1,1,1,0,0,1,1,1,1,0
1646,1,0,0,1,1,1,0,1,0,1
1647,0,0,1,1,0,0,1,0,1,0
1648,0,0,1,1,1,0,0,0,0,1
1649,1,1,1,0,1,0,1,1,1,1
1650,0,1,1,0,1,1,1,1,1,0
1651,1,0,1,0,0,0,0,1,0,1
1652,1,1,1,1,1,1,1,0,0,0
1653,1,1,1,0,0,0,0,1,0,0
1654,0,0,1,1,1,1,1,0,1,0
1655,1,1,0,0,0,1,0,0,1,1
1656,1,0,1,0,1,0,0,0,0,1
1657,1,0,1,1,0,0,1,1,0,1
1658,0,1,1,1,1,0,0,1,1,0
1659,1,0,1,1,1,1,0,0,1,1
1660,0,1,1,1,0,0,1,1,0,1
1661,0,0,1,0,0,0,1,0,1,1
1662,0,1,1,0,0,0,1,0,0,0
1663,1,1,0,1,1,0,1,1,0,1
1664,1,0,0,1,1,1,0,0,0,1
1665,0,1,0,0,1,1,1,1,1,0
1666,0,0,0,1,0,1,0,0,1,1
1667,1,0,1,0,1,1,0,1,0,1
1668,0,1,1,1,1,0,0,1,0,0
1669,1,1,1,1,1,1,1,0,0,0
1670,1,0,1,1,1,1,1,0,0,1
1671,1,0,1,0,0,1,1,0,1,0
1672,1,0,0,1,0,0,0,0,1,1
1673,0,1,0,1,1,0,0,0,1,0
1674,0,1,1,0,1,1,0,0,1,1
1675,1,0,1,1,0,1,1,0,0,0
1676,1,1,0,0,0,0,1,1,0,1
1677,0,1,0,1,0,0,1,1,1,1
1678,0,1,1,1,1,0,1,1,0,0
1679,1,0,1,0,0,0,1,1,0,0
1680,1,1,1,0,0,1,1,0,1,1
1681,0,0,1,0,0,0,0,1,0,0
1682,0,1,0,1,0,1,1,1,0,0
1683,0,0,0,0,1,1,0,1,1,1
1684,0,0,0,1,1,1,0,1,1,0
1685,1,1,1,1,1,0,1,1,0,0
1686,1,0,1,1,0,1,1,1,1,1
1687,0,0,1,0,0,1,0,0,1,1
1688,0,0,0,0,0,0,1,1,1,0
1689,0,1,1,0,0,0,1,1,0,0
1690,0,1,1,0,1,0,0,0,0,0
1691,0,0,0,1,0,0,1,0,0,1
1692,1,0,1,1,1,1,1,1,0,0
1693,1,0,1,0,0,0,1,1,1,1
1694,0,1,1,1,1,0,0,1,1,1
1695,0,0,1,0,1,1,0,1,0,0
1696,0,0,0,0,0,1,1,0,0,1
1697,0,0,1,1,1,1,0,1,0,0
1698,0,0,0,0,1,0,1,1,0,0
1699,0,0,0,0,1,0,0,0,0,0
1700,0,1,1,1,1,1,1,1,1,0
1701,0,0,1,0,1,1,1,1,0,0
1702,0,1,1,0,1,1,1,1,0,1
1703,1,1,0,0,1,1,0,1,0,0
1704,1,0,1,1,1,0,0,0,1,0
1705,1,1,1,1,1,1,1,0,0,0
1706,0,1,1,1,1,0,0,1,0,0
1707,0,0,0,1,1,0,1,0,1,1
1708,0,1,1,1,1,0,0,1,1,1
1709,0,1,1,1,1,0,0,0,1,1
1710,1,1,0,0,1,1,1,0,1,1
1711,0,0,0,1,1,0,1,0,1,1
1712,0,1,1,1,1,0,1,1,1,1
1713,1,1,0,1,0,1,0,0,1,1
1714,0,0,0,0,1,0,0,0,0,0
1715,0,1,0,1,0,1,0,1,0,1
1716,0,0,1,0,1,0,0,1,0,0
1717,1,1,0,1,0,1,1,1,1,0
1718,0,1,0,0,0,1,1,1,0,1
1719,1,0,1,1,1,0,1,1,0,1
1720,1,1,1,0,1,1,1,0,1,0
1721,0,0,1,1,0,1,0,0,1,1
1722,0,1,0,1,0,1,0,0,0,0
1723,0,1,0,1,1,0,0,0,0,0
1724,1,1,1,1,1,0,1,0,1,1
1725,0,0,0,0,0,0,1,1,1,1
1726,1,0,1,0,1,1,0,1,1,1
1727,0,0,1,0,1,0,0,1,1,1
1728,1,0,0,1,0,0,0,1,1,0
1729,0,0,0,0,1,1,0,1,0,1
1730,1,0,0,0,0,0,1,1,0,1
1731,0,0,0,0,1,0,0,1,0,1
1732,0,0,1,1,1,0,0,1,1,1
1733,0,0,1,0,0,0,1,0,1,1
1734,0,1,0,1,1,0,0,1,1,0
1735,0,1,0,0,1,1,1,1,1,1
1736,1,0,0,1,0,0,0,0,1,0
1737,1,0,1,0,1,0,1,1,0,1
1738,0,0,0,0,1,0,1,0,0,1
1739,1,0,0,0,0,1,1,1,1,1
1740,0,0,1,1,1,0,0,0,1,1
1741,1,1,0,0,1,0,1,0,0,0
1742,1,1,0,0,1,1,1,0,0,1
1743,1,0,0,1,0,0,0,0,1,0
1744,0,1,0,0,1,1,0,0,0,1
1745,0,1,1,1,0,0,0,0,0,0
1746,1,1,1,1,1,0,0,1,0,1
1747,1,0,0,1,1,1,1,0,1,0
1748,1,1,0,1,0,1,1,0,1,0
1749,0,1,0,1,0,1,1,0,1,1
1750,0,0,0,1,0,1,1,1,1,0
1751,0,1,0,0,0,1,0,1,1,0
1752,1,0,0,0,0,1,0,1,0,0
1753,0,1,1,0,0,1,0,1,1,1
1754,1,1,0,0,0,0,0,0,0,1
1755,0,0,0,1,0,1,0,1,0,0
1756,0,0,1,1,1,1,0,0,0,0
1757,1,1,0,1,0,1,1,0,0,0
1758,0,0,1,1,1,0,0,1,0,1
1759,0,1,1,0,1,1,0,1,1,1
1760,1,1,1,0,1,0,0,0,1,1
1761,0,1,1,1,0,1,0,0,1,0
1762,1,1,0,1,1,1,0,0,0,1
1763,1,0,0,0,1,0,0,1,0,0
1764,0,1,1,0,1,0,1,1,0,0
1765,1,1,0,0,0,1,1,0,1,1
1766,1,1,0,0,1,0,0,0,1,1
1767,0,0,0,0,0,0,0,0,1,1
1768,0,0,1,0,0,0,0,0,0,0
1769,0,1,0,0,1,1,1,1,0,1
1770,1,1,1,1,1,0,0,0,1,0
1771,0,1,0,1,0,1,0,1,1,0
1772,0,0,1,1,0,1,1,1,0,0
1773,0,1,0,1,0,1,0,0,0,1
1774,0,0,1,1,1,0,1,1,0,0
1775,0,0,1,1,0,1,0,0,1,0
1776,0,0,0,0,1,0,0,1,1,0
1777,0,1,1,0,0,1,0,0,1,0
1778,0,1,1,1,0,1,0,0,1,1
1779,0,1,0,1,1,1,1,0,0,0
1780,1,0,1,1,1,0,1,1,1,0
1781,1,1,0,1,1,1,1,0,1,1
1782,0,0,0,1,0,1,0,0,0,1
1783,0,0,0,1,0,1,0,1,0,1
1784,0,1,0,0,0,1,0,0,0,0
1785,1,0,0,0,1,0,1,1,1,1
1786,1,0,0,1,0,0,0,1,1,0
1787,0,0,0,0,0,0,1,1,0,1
1788,1,0,0,1,0,0,0,0,0,0
1789,1,0,1,1,1,0,1,1,0,0
1790,0,0,0,1,1,1,0,1,0,0
1791,0,1,0,1,0,1,0,1,0,1
1792,1,0,1,1,1,0,1,1,1,0
1793,0,1,1,0,1,0,1,0,1,0
1794,1,0,0,1,1,0,1,0,0,0
1795,0,1,1,0,0,0,0,0,1,0
1796,0,0,0,0,0,0,1,1,1,0
1797,0,0,1,1,0,0,1,1,0,1
1798,0,1,1,1,0,1,0,0,0,1
1799,1,1,1,1,0,1,0,0,0,1
1800,1,1,0,1,0,0,1,0,1,1
1801,0,0,1,1,0,0,0,0,1,0
1802,1,0,1,1,0,1,1,0,1,0
1803,0,1,1,1,0,1,0,0,0,1
1804,0,0,0,0,0,1,1,0,0,1
1805,1,1,0,1,0,0,1,1,1,0
1806,1,0,1,1,0,0,0,0,0,1
1807,1,0,0,1,1,0,0,0,0,1
1808,0,1,0,1,0,1,0,1,1,1
1809,1,0,0,0,0,1,0,0,0,0
1810,0,0,1,1,1,0,0,0,0,0
1811,0,0,1,0,1,1,1,0,0,0
1812,0,1,1,0,1,1,0,1,0,1
1813,0,0,0,0,0,0,0,0,1,1
1814,1,0,0,0,0,1,1,1,1,0
1815,0,0,0,0,1,0,0,0,1,1
1816,0,0,0,0,1,1,1,0,1,1
1817,0,1,1,1,1,0,0,0,0,0
1818,1,0,1,0,1,0,1,0,1,1
1819,1,0,0,1,1,0,1,1,0,0
1820,0,1,0,0,0,1,0,1,1,1
1821,1,0,0,1,0,0,1,0,1,1
1822,0,1,1,1,0,0,1,1,1,1
1823,0,1,0,0,1,1,0,1,1,0
1824,1,0,1,0,1,1,1,1,0,1
1825,1,0,1,1,0,1,1,0,0,0
1826,1,0,0,1,0,1,0,1,1,1
1827,1,1,0,0,1,0,0,1,1,0
1828,0,0,0,1,0,0,0,0,1,1
1829,1,0,1,0,0,0,1,1,0,1
1830,1,1,0,0,0,1,1,0,0,1
1831,1,1,1,1,0,1,0,1,0,1
1832,0,1,1,0,1,1,0,1,1,1
1833,1,1,1,0,0,0,0,1,0,1
1834,0,1,1,1,0,1,0,0,0,0
1835,1,0,1,0,1,0,1,1,1,1
1836,1,1,0,1,0,1,0,0,0,1
1837,1,0,0,1,1,0,1,1,0,0
1838,0,0,0,0,0,0,1,0,1,0
1839,0,1,0,0,0,1,1,1,0,0
1840,0,0,0,0,1,0,1,1,1,1
1841,1,0,0,1,0,1,0,0,0,0
1842,0,0,0,0,1,0,0,0,0,1
1843,1,1,1,0,0,0,0,1,0,1
1844,0,0,1,0,1,0,0,0,1,0
1845,1,0,0,1,1,0,0,0,1,1
1846,1,1,0,1,1,1,1,0,1,0
1847,0,1,0,0,1,0,0,1,1,0
1848,1,1,0,1,0,1,0,0,1,1
1849,0,1,1,1,1,0,0,0,0,1
1850,0,0,1,1,1,0,1,1,1,0
1851,0,0,0,1,1,1,0,1,1,0
1852,1,1,0,1,0,0,1,0,1,1
1853,0,1,0,0,0,1,1,1,0,0
1854,1,1,0,1,1,1,1,0,1,0
1855,0,1,0,1,0,1,0,1,0,1
1856,1,0,1,1,0,0,1,1,1,1
1857,0,1,0,0,0,1,1,1,1,1
1858,1,0,0,0,0,1,1,1,0,0
1859,1,1,0,1,0,0,0,0,1,1
1860,0,1,0,1,1,1,1,1,0,1
1861,0,0,1,0,1,0,0,1,1,1
1862,0,0,1,1,1,1,0,1,1,1
1863,1,1,1,0,1,1,1,1,1,0
1864,0,0,1,0,1,0,1,1,1,1
1865,1,0,0,1,1,1,0,0,1,1
1866,0,0,0,0,1,1,0,0,0,0
1867,0,1,1,1,1,0,0,0,0,0
1868,1,0,1,1,1,1,1,0,0,1
1869,0,0,1,0,0,1,0,1,0,1
1870,0,1,1,0,0,1,0,0,1,1
1871,0,1,0,1,0,0,1,1,1,1
1872,1,1,0,0,1,0,1,0,0,1
1873,1,1,1,1,0,0,1,1,1,0
1874,0,0,1,0,0,0,0,1,1,1
1875,1,1,0,1,0,0,0,1,0,1
1876,0,1,0,1,0,1,1,0,0,1
1877,0,0,0,1,1,0,0,1,1,0
1878,0,1,0,1,0,1,1,1,1,0
1879,0,1,0,0,0,1,0,1,0,1
1880,1,0,1,0,0,0,0,1,0,0
1881,1,0,0,0,1,0,0,0,1,0
1882,0,1,0,1,0,1,1,1,1,0
1883,0,1,1,1,0,1,1,0,0,1
1884,0,0,1,1,1,0,1,1,0,0
1885,1,0,0,0,1,1,0,1,1,0
1886,0,0,0,0,0,1,1,0,0,0
1887,0,0,0,0,0,1,0,1,1,1
1888,1,0,1,1,0,0,0,1,1,1
1889,0,1,0,1,1,1,0,0,0,1
1890,0,0,1,0,1,0,1,0,0,1
1891,0,1,1,0,0,0,1,0,0,1
1892,1,0,1,1,0,0,1,1,0,0
1893,0,1,0,1,0,1,1,0,0,0
1894,0,1,1,1,1,1,0,0,0,0
1895,1,1,0,1,0,1,1,0,0,1
1896,0,0,1,0,0,0,1,1,1,1
1897,1,1,0,0,0,1,1,0,1,1
1898,0,0,1,0,1,1,1,1,0,1
1899,0,1,1,1,0,1,1,1,1,0
1900,1,0,0,0,1,0,0,1,1,1
1901,1,0,1,1,1,0,1,0,1,0
1902,1,1,1,1,0,0,1,0,1,0
1903,0,0,0,1,0,0,1,0,0,0
1904,1,0,1,1,1,0,0,0,0,1
1905,0,1,1,0,1,1,1,0,0,1
1906,0,0,1,0,0,0,1,0,0,0
1907,1,0,0,0,1,1,1,1,0,1
1908,1,0,0,0,1,1,0,0,1,1
1909,1,1,0,0,0,1,1,1,0,1
1910,1,1,1,1,1,1,0,0,0,0
1911,0,0,0,0,0,0,0,1,1,0
1912,0,0,0,1,0,1,0,0,0,1
1913,0,1,0,1,0,0,1,1,0,0
1914,0,1,0,1,1,1,0,1,1,1
1915,0,1,1,1,0,0,1,1,1,0
1916,1,0,1,0,1,0,1,0,0,1
1917,0,0,1,1,1,1,0,1,0,1
1918,0,0,1,0,0,1,0,0,1,1
1919,1,1,1,0,1,0,1,0,0,1
1920,1,1,1,0,0,0,1,0,1,1
1921,1,0,0,1,0,0,1,0,1,1
1922,1,0,0,0,0,0,0,1,1,1
1923,1,1,0,0,1,1,0,0,1,0
1924,1,1,0,0,0,1,1,0,1,0
1925,1,1,1,0,0,0,1,1,1,0
1926,0,0,1,1,1,0,0,0,1,1
1927,0,0,0,0,0,0,1,0,1,0
1928,1,0,0,1,0,0,0,0,0,0
1929,0,1,0,1,1,0,1,1,1,0
1930,1,1,0,0,0,0,1,0,1,1
1931,1,0,0,0,0,1,1,1,1,1
1932,1,1,0,0,1,0,0,1,1,1
1933,1,1,0,1,0,1,0,1,1,0
1934,1,0,1,1,0,1,1,0,0,1
1935,1,0,1,1,1,0,1,1,1,1
1936,0,1,0,0,0,1,0,0,0,1
1937,1,0,1,1,0,1,1,0,0,0
1938,0,1,0,1,1,1,0,1,0,0
1939,0,1,0,0,0,0,1,0,1,1
1940,1,1,0,0,0,0,1,1,1,0
1941,0,0,1,1,1,1,1,1,0,0
1942,0,1,1,1,0,0,0,0,0,1
1943,1,1,0,1,1,1,1,1,1,1
1944,0,1,1,1,1,0,1,0,1,0
1945,0,1,1,0,1,1,0,1,0,1
1946,0,0,0,0,0,1,1,0,0,0
1947,0,0,1,0,0,0,0,1,1,0
1948,0,0,0,0,0,0,0,0,0,0
1949,1,1,1,0,0,1,0,0,0,0
1950,0,0,1,1,0,0,1,1,1,0
1951,0,0,0,1,0,1,1,0,0,0
1952,1,1,1,0,0,1,0,1,1,0
1953,0,0,1,1,0,0,1,1,0,0
1954,0,1,1,1,0,0,0,0,1,0
1955,1,0,1,0,0,0,1,0,0,1
1956,0,1,0,1,1,0,1,1,1,1
1957,0,1,0,0,1,1,1,0,1,1
1958,0,1,1,1,1,1,1,1,1,1
1959,1,1,1,0,1,1,1,1,1,1
1960,1,1,1,1,1,1,1,1,1,0
1961,1,0,0,0,1,0,0,1,1,0
1962,1,1,0,1,0,0,1,0,1,0
1963,1,1,1,0,0,0,0,1,0,0
1964,0,1,1,1,1,1,0,1,1,1
1965,0,0,0,0,0,1,1,0,0,1
1966,1,0,1,0,0,1,0,0,0,0
1967,1,1,0,1,0,0,0,0,0,1
1968,0,0,0,1,0,1,0,1,0,0
1969,0,1,0,0,0,1,0,0,1,0
1970,0,0,0,1,1,0,0,0,0,0
1971,0,0,1,0,1,0,0,0,0,0
1972,1,1,0,1,0,0,0,0,0,1
1973,0,1,0,1,1,1,1,0,1,0
1974,1,0,0,0,1,0,1,0,0,0
1975,0,0,0,0,1,0,1,0,1,0
1976,0,1,1,0,0,1,0,0,1,1
1977,1,0,1,0,1,1,1,0,0,1
1978,0,0,0,1,1,0,0,0,0,1
1979,1,1,1,1,1,1,0,0,1,0
1980,1,1,1,1,0,1,0,0,0,0
1981,0,0,0,0,1,1,1,1,1,1
1982,0,1,0,1,0,0,1,1,1,1
1983,0,0,1,1,1,1,0,0,0,0
1984,0,0,0,1,1,0,0,0,0,0
1985,1,1,1,0,0,0,0,1,0,1
1986,1,0,0,0,0,1,0,0,1,1
1987,0,0,0,1,0,0,1,1,0,1
1988,1,1,1,1,1,1,0,0,0,1
1989,0,0,1,0,0,1,0,1,0,0
1990,1,1,0,1,1,0,1,0,0,1
1991,1,0,0,0,1,0,0,1,0,1
1992,1,1,1,1,0,1,1,0,1,1
1993,0,1,1,1,1,1,1,0,1,1
1994,0,1,1,0,1,0,1,1,1,1
1995,0,0,1,1,1,0,1,1,1,0
1996,0,1,1,0,0,0,0,0,0,1
1997,1,1,0,0,0,0,0,0,1,0
1998,0,1,1,0,0,1,0,0,0,0
1999,0,1,1,0,1,0,1,0,1,0
2000,0,1,0,1,0,1,0,1,1,1
